Date,Open,High,Low,Close,Adj Close,Volume,SMA_50,SMA_200,Daily_Return
2019-12-11,29.09090805053711,29.09090805053711,29.09090805053711,29.09090805053711,24.55695915222168,38289394,,,
2019-12-12,31.983470916748047,31.983470916748047,29.752065658569336,30.41322326660156,25.673187255859375,505692621,,,0.04545458717779827
2019-12-15,30.661157608032227,30.991735458374023,30.41322326660156,30.909090042114254,26.09177017211914,98349281,,,0.016304315105503342
2019-12-16,30.991735458374023,31.48760223388672,30.991735458374023,31.404958724975582,26.510353088378903,105973907,,,0.016042810777855188
2019-12-17,31.446279525756836,31.5289249420166,30.991735458374023,31.198347091674805,26.33595085144043,142672245,,,-0.006578949366249698
2019-12-18,30.991735458374023,31.07438087463379,30.330577850341797,30.330577850341797,25.603422164916992,83822621,,,-0.02781459026605193
2019-12-19,30.330577850341797,30.37190055847168,29.338842391967773,29.338842391967773,24.76625061035156,108120197,,,-0.03269754579907702
2019-12-22,29.42148780822754,29.504131317138672,28.84297561645508,29.173553466796875,24.626726150512695,39709972,,,-0.005633791645990427
2019-12-23,29.173553466796875,29.46280860900879,29.132230758666992,29.42148780822754,24.836021423339844,35098090,,,0.00849859931231367
2019-12-24,29.46280860900879,29.504131317138672,29.173553466796875,29.25619888305664,24.696489334106445,22184338,,,-0.0056179662377466855
2019-12-25,29.25619888305664,29.25619888305664,29.008264541625977,29.09090805053711,24.55695915222168,13572736,,,-0.005649771290530015
2019-12-26,29.049585342407227,29.21487617492676,28.966941833496097,29.21487617492676,24.661611557006836,13863242,,,0.0042614044282940355
2019-12-29,29.173553466796875,29.504131317138672,29.173553466796875,29.25619888305664,24.696489334106445,22966690,,,0.0014144406391611852
2019-12-30,29.25619888305664,29.29751968383789,29.049585342407227,29.049585342407227,24.522083282470703,13147121,,,-0.007062214113162546
2019-12-31,29.049585342407227,29.132230758666992,28.966941833496097,29.132230758666992,24.591842651367188,16332772,,,0.002844977485414235
2020-01-01,29.132230758666992,29.132230758666992,28.966941833496097,29.008264541625977,24.48719596862793,8517342,,,-0.004255294353115557
2020-01-02,29.008264541625977,29.132230758666992,28.966941833496097,29.049585342407227,24.522083282470703,11430744,,,0.001424449253830895
2020-01-05,28.92561912536621,28.92561912536621,28.51239585876465,28.55371856689453,24.103492736816406,25239125,,,-0.017069667937353206
2020-01-06,28.51239585876465,28.55371856689453,28.14049530029297,28.51239585876465,24.06861114501953,23401835,,,-0.0014471918266293349
2020-01-07,28.47107315063477,28.55371856689453,28.223140716552734,28.388429641723633,23.96396827697754,13923075,,,-0.0043478007830376475
2020-01-08,28.09917259216309,28.264461517333984,28.09917259216309,28.264461517333984,23.85931968688965,22150479,,,-0.004366853889214317
2020-01-09,28.388429641723633,28.966941833496097,28.34710693359375,28.92561912536621,24.41742897033691,31310879,,,0.023391834570305026
2020-01-12,28.92561912536621,29.049585342407227,28.55371856689453,28.760330200195312,24.277902603149418,24584632,,,-0.0057142744103253484
2020-01-13,28.760330200195312,28.92561912536621,28.677684783935547,28.71900749206543,24.243024826049805,16978173,,,-0.0014367953303123793
2020-01-14,28.71900749206543,28.801652908325195,28.429752349853516,28.801652908325195,24.312789916992188,12477898,,,0.002877725362988137
2020-01-15,28.760330200195312,28.760330200195312,28.595041275024418,28.677684783935547,24.208139419555664,12987230,,,-0.004304201733985047
2020-01-16,28.677684783935547,28.677684783935547,28.51239585876465,28.595041275024418,24.138378143310547,11523975,,,-0.002881805471180332
2020-01-19,28.595041275024418,28.595041275024418,28.305784225463867,28.388429641723633,23.96396827697754,13254735,,,-0.007225435742988173
2020-01-20,28.34710693359375,28.595041275024418,28.264461517333984,28.595041275024418,24.138378143310547,8756076,,,0.007278022627821512
2020-01-21,28.51239585876465,28.595041275024418,28.388429641723633,28.55371856689453,24.103492736816406,8517485,,,-0.0014451004890130292
2020-01-22,28.47107315063477,28.51239585876465,28.388429641723633,28.47107315063477,24.03373336791992,6215751,,,-0.0028943836532584477
2020-01-23,28.429752349853516,28.47107315063477,28.305784225463867,28.47107315063477,24.03373336791992,7192433,,,0.0
2020-01-26,28.264461517333984,28.388429641723633,28.14049530029297,28.34710693359375,23.92908477783203,9257143,,,-0.0043541111494160845
2020-01-27,28.305784225463867,28.305784225463867,28.14049530029297,28.305784225463867,23.894203186035156,8758776,,,-0.0014577398754196391
2020-01-28,28.264461517333984,28.305784225463867,28.14049530029297,28.305784225463867,23.894203186035156,8813615,,,0.0
2020-01-29,28.18181800842285,28.429752349853516,28.14049530029297,28.429752349853516,23.99884605407715,10761242,,,0.004379603949574706
2020-01-30,28.429752349853516,28.429752349853516,28.223140716552734,28.223140716552734,23.824438095092773,6889782,,,-0.007267444005781054
2020-02-02,28.18181800842285,28.18181800842285,27.97520637512207,28.057851791381836,23.68490982055664,13991469,,,-0.005856503598621776
2020-02-03,27.97520637512207,28.09917259216309,27.933883666992188,28.057851791381836,23.68490982055664,10062499,,,0.0
2020-02-04,28.01652717590332,28.09917259216309,27.892560958862305,27.97520637512207,23.61514663696289,9112708,,,-0.002945536132782256
2020-02-05,27.933883666992188,28.057851791381836,27.76859474182129,27.809917449951172,23.475616455078125,11068032,,,-0.005908407714835917
2020-02-06,27.809917449951172,27.892560958862305,27.520660400390625,27.60330581665039,23.301206588745117,11614195,,,-0.0074294227472129215
2020-02-09,27.561983108520508,28.14049530029297,27.107437133789062,28.14049530029297,23.75467300415039,21426588,,,0.019461056121710785
2020-02-10,28.057851791381836,28.057851791381836,27.727272033691406,27.76859474182129,23.440736770629883,7540306,,,-0.013215849774606103
2020-02-11,27.727272033691406,27.809917449951172,27.561983108520508,27.644628524780273,23.336088180541992,5120739,,,-0.0044642596499243625
2020-02-12,27.60330581665039,27.644628524780273,27.39669418334961,27.438016891479492,23.161678314208984,7201967,,,-0.007473843720329887
2020-02-13,27.438016891479492,27.520660400390625,26.942148208618164,27.355371475219727,23.09191513061523,18688399,,,-0.003012076878100789
2020-02-16,27.355371475219727,27.355371475219727,27.355371475219727,27.355371475219727,23.09191513061523,0,,,0.0
2020-02-17,27.107437133789062,27.438016891479492,27.06611442565918,27.355371475219727,23.09191513061523,9483416,,,0.0
2020-02-18,27.314048767089844,27.520660400390625,27.190082550048828,27.438016891479492,23.161678314208984,6499644,28.692561645507812,,0.0030211768951713402
2020-02-19,27.438016891479492,27.60330581665039,27.39669418334961,27.60330581665039,23.301206588745117,5894103,28.662809600830077,,0.006024084241387895
2020-02-20,27.60330581665039,27.851238250732425,27.520660400390625,27.809917449951172,23.475616455078125,8693188,28.61074348449707,,0.007485032215820864
2020-02-23,27.933883666992188,28.223140716552734,27.685949325561523,28.14049530029297,23.75467300415039,13747169,28.555371589660645,,0.01188704896146242
2020-02-24,28.057851791381836,28.057851791381836,27.479337692260746,27.60330581665039,23.301206588745117,10156974,28.47933853149414,,-0.019089553254486802
2020-02-25,27.438016891479492,27.76859474182129,27.314048767089844,27.685949325561523,23.370973587036133,10346653,28.409090576171874,,0.002993971427193376
2020-02-26,27.520660400390625,27.685949325561523,27.355371475219727,27.644628524780273,23.336088180541992,7981719,28.355371589660646,,-0.0014924827137171581
2020-02-27,27.479337692260746,27.561983108520508,27.355371475219727,27.561983108520508,23.26632308959961,21789663,28.3198344039917,,-0.0029895650862402645
2020-03-01,27.190082550048828,27.190082550048828,26.735536575317383,26.983470916748047,22.77797508239746,15937816,28.276032752990723,,-0.020989498088532677
2020-03-02,27.06611442565918,27.39669418334961,27.06611442565918,27.107437133789062,22.88262367248535,14572666,28.229751739501953,,0.004594153858985983
2020-03-03,27.314048767089844,27.39669418334961,27.23140335083008,27.314048767089844,23.057031631469727,9742098,28.190908737182617,,0.007621953793752079
2020-03-04,27.190082550048828,27.355371475219727,27.06611442565918,27.314048767089844,23.057031631469727,10128925,28.15537155151367,,0.0
2020-03-05,27.314048767089844,27.438016891479492,27.23140335083008,27.27272605895996,23.022151947021484,4802784,28.116528549194335,,-0.001512873777236301
2020-03-08,26.363636016845703,26.363636016845703,24.710742950439453,24.79338836669922,20.929229736328125,28421368,28.02727233886719,,-0.09090905276211658
2020-03-09,22.314048767089844,23.677684783935547,22.314048767089844,23.429752349853516,19.778120040893555,41132955,27.914875679016113,,-0.054999986152648894
2020-03-10,24.132230758666992,25.74380111694336,24.132230758666992,25.74380111694336,21.731515884399418,31647450,27.84710708618164,,0.09876539591782385
2020-03-11,26.033056259155273,26.033056259155273,24.049585342407227,24.545454025268555,20.719934463500977,27448991,27.75785087585449,,-0.046548957018088144
2020-03-12,23.966941833496097,24.46280860900879,23.14049530029297,23.966941833496097,20.23158836364746,25603130,27.65619800567627,,-0.023569015719851927
2020-03-15,23.92561912536621,24.58677673339844,23.595041275024418,23.71900749206543,20.022296905517575,19211347,27.559503784179686,,-0.010344846795770857
2020-03-16,23.223140716552734,23.388429641723633,22.851238250732425,22.97520637512207,19.39441680908203,15051263,27.448759994506837,,-0.031358863442839224
2020-03-17,22.97520637512207,24.58677673339844,22.97520637512207,24.049585342407227,20.301349639892575,20313512,27.36198310852051,,0.04676253826596799
2020-03-18,24.049585342407227,24.752065658569336,23.92561912536621,23.966941833496097,20.23158836364746,16004656,27.27603271484375,,-0.0034363797851184597
2020-03-19,23.84297561645508,24.46280860900879,23.595041275024418,24.25619888305664,20.528003692626953,19234391,27.18264430999756,,0.012069001192145379
2020-03-22,24.008264541625977,24.338842391967773,23.760330200195312,23.884296417236328,20.21326065063477,8682535,27.08512363433838,,-0.015332264861997458
2020-03-23,23.884296417236328,23.884296417236328,23.55371856689453,23.636362075805664,20.003433227539062,6432514,26.983470726013184,,-0.010380642456427558
2020-03-24,24.09090805053711,24.66942024230957,24.09090805053711,24.380165100097656,20.632915496826172,12125193,26.895040969848633,,0.03146859156694659
2020-03-25,24.79338836669922,25.0,24.132230758666992,24.46280860900879,20.702856063842773,23931994,26.8107434463501,,0.0033897846290960043
2020-03-26,24.504131317138672,24.79338836669922,24.504131317138672,24.710742950439453,20.91268539428711,6766584,26.7330574798584,,0.010135154364055987
2020-03-29,24.62809944152832,24.83470916748047,24.21487617492676,24.710742950439453,20.91268539428711,8134082,26.659503746032716,,0.0
2020-03-30,24.752065658569336,24.83470916748047,24.62809944152832,24.752065658569336,20.947656631469727,5762749,26.582644233703615,,0.0016722568080109745
2020-03-31,24.710742950439453,25.0,24.710742950439453,24.91735458374023,21.087535858154297,8024432,26.509916954040527,,0.006677783076810329
2020-04-01,24.876033782958984,25.41322326660156,24.710742950439453,25.28925514221191,21.40227508544922,11589101,26.44628059387207,,0.014925362851896162
2020-04-02,25.57851219177246,26.15702438354492,25.57851219177246,26.15702438354492,22.13666725158691,17442775,26.399999618530273,,0.03431375247919255
2020-04-05,26.48760223388672,26.90082550048828,26.033056259155273,26.033056259155273,22.031755447387695,29136819,26.353718605041504,,-0.004739381764985118
2020-04-06,26.239669799804688,26.446279525756836,26.033056259155273,26.404958724975582,22.34649658203125,7230047,26.31570209503174,,0.014285778132159033
2020-04-07,26.404958724975582,26.446279525756836,26.198347091674805,26.446279525756836,22.3814697265625,7361770,26.278512001037598,,0.0015648879141088035
2020-04-08,26.446279525756836,26.446279525756836,26.239669799804688,26.446279525756836,22.3814697265625,6699503,26.238842544555663,,0.0
2020-04-09,26.446279525756836,26.570247650146484,26.363636016845703,26.48760223388672,22.41643524169922,9647112,26.204131774902343,,0.0015625149877749323
2020-04-12,26.446279525756836,26.446279525756836,25.95041275024414,26.15702438354492,22.13666725158691,8958566,26.166115226745607,,-0.012480474730131585
2020-04-13,26.198347091674805,26.280990600585938,25.661157608032227,25.702478408813477,21.75198554992676,8978691,26.119007759094238,,-0.017377587299929664
2020-04-14,25.78512382507324,25.991735458374023,25.537189483642575,25.702478408813477,21.75198554992676,7166278,26.073553199768067,,0.0
2020-04-15,25.661157608032227,25.661157608032227,25.24793243408203,25.37190055847168,21.47222328186035,5359154,26.024792861938476,,-0.012861711041392776
2020-04-16,25.330577850341797,25.330577850341797,24.710742950439453,24.79338836669922,20.982627868652344,9234436,25.968594512939454,,-0.022801295095699725
2020-04-19,24.83470916748047,25.041322708129883,24.79338836669922,24.91735458374023,21.087535858154297,5658347,25.9041316986084,,0.004999970766702999
2020-04-20,24.83470916748047,24.83470916748047,24.58677673339844,24.79338836669922,20.982627868652344,4886326,25.844627571105956,,-0.004975095434966659
2020-04-21,24.380165100097656,24.58677673339844,23.92561912536621,24.29751968383789,20.562971115112305,7244393,25.777685394287108,,-0.020000036926269615
2020-04-22,23.966941833496097,24.710742950439453,23.966941833496097,24.545454025268555,20.77280044555664,7185288,25.71983413696289,,0.010204100857075682
2020-04-23,24.79338836669922,24.958677291870117,24.66942024230957,24.79338836669922,20.982627868652344,5664648,25.66859447479248,,0.010101028939021761
2020-04-26,25.041322708129883,25.661157608032227,24.876033782958984,25.537189483642575,21.612104415893555,6697454,25.632230834960936,,0.029999978459675836
2020-04-27,25.537189483642575,25.702478408813477,25.24793243408203,25.454544067382812,21.542160034179688,5704086,25.5942142868042,,-0.0032362768938491993
2020-04-28,25.330577850341797,25.495866775512695,25.24793243408203,25.37190055847168,21.47222328186035,3756876,25.55289196014404,,-0.003246709455583252
2020-04-29,25.41322326660156,25.619834899902344,25.41322326660156,25.57851219177246,21.647075653076172,4098787,25.512396087646483,,0.008143325046723549
2020-04-30,25.661157608032227,26.239669799804688,25.661157608032227,26.15702438354492,22.13666725158691,10318469,25.479338226318358,,0.022617116563900197
2020-05-03,24.79338836669922,24.958677291870117,24.504131317138672,24.79338836669922,20.982627868652344,10301328,25.412396087646485,,-0.05213268898061463
2020-05-04,24.66942024230957,25.619834899902344,24.504131317138672,25.20661163330078,21.33233642578125,10440601,25.364462203979492,,0.016666671795315224
2020-05-05,25.661157608032227,26.07438087463379,25.619834899902344,25.867767333984375,21.89187240600586,13064143,25.32809856414795,,0.026229455600852436
2020-05-06,26.239669799804688,26.404958724975582,25.78512382507324,25.826446533203125,21.85690116882324,8286741,25.291734924316405,,-0.0015973856671798181
2020-05-07,25.661157608032227,25.78512382507324,25.330577850341797,25.619834899902344,21.68204689025879,7601435,25.252891960144044,,-0.008000002363281244
2020-05-10,25.826446533203125,25.95041275024414,25.702478408813477,25.74380111694336,21.786958694458008,3408792,25.22809856414795,,0.0048386813391014805
2020-05-11,25.454544067382812,25.74380111694336,24.91735458374023,25.537189483642575,21.612104415893555,5724594,25.19669361114502,,-0.008025684799312871
2020-05-12,25.619834899902344,26.033056259155273,25.537189483642575,25.867767333984375,21.89187240600586,6202220,25.16776798248291,,0.012944958197281142
2020-05-13,25.95041275024414,26.07438087463379,25.867767333984375,25.909090042114254,21.92683982849121,5108868,25.139668807983398,,0.0015974594017471588
2020-05-14,25.909090042114254,25.95041275024414,25.74380111694336,25.95041275024414,21.961814880371097,5002475,25.113222541809083,,0.001594911595224513
2020-05-17,26.280990600585938,26.446279525756836,26.198347091674805,26.404958724975582,22.34649658203125,10217636,25.14545394897461,,0.017515943931456945
2020-05-18,26.446279525756836,26.85950469970703,26.446279525756836,26.735536575317383,22.62626075744629,14302220,25.211569633483887,,0.012519536719787228
2020-05-19,26.85950469970703,28.01652717590332,26.818180084228516,27.561983108520508,23.325685501098633,28810841,25.24793327331543,,0.03091191122627812
2020-05-20,27.644628524780273,27.809917449951172,27.06611442565918,27.27272605895996,23.080888748168945,12168289,25.30247871398926,,-0.010494783645343952
2020-05-21,27.60330581665039,27.644628524780273,27.23140335083008,27.27272605895996,23.382509231567383,19086462,25.368594398498534,,0.0
2020-05-31,27.727272033691406,27.727272033691406,27.190082550048828,27.27272605895996,23.63446044921875,10370850,25.439668769836427,,0.0
2020-06-01,27.23140335083008,27.314048767089844,27.148759841918945,27.190082550048828,23.562843322753903,8007592,25.52396629333496,,-0.003030262128269401
2020-06-02,27.190082550048828,27.23140335083008,26.85950469970703,26.983470916748047,23.3837947845459,7188626,25.582644004821777,,-0.007598786539925739
2020-06-03,27.107437133789062,27.190082550048828,26.85950469970703,27.06611442565918,23.455413818359375,7497426,25.644627456665038,,0.0030627456773857364
2020-06-04,26.983470916748047,27.02479362487793,26.570247650146484,26.611570358276367,23.061504364013672,8375045,25.691734886169435,,-0.01679384267111117
2020-06-07,26.818180084228516,26.983470916748047,26.735536575317383,26.776859283447266,23.204748153686523,4273229,25.74958614349365,,0.006211167659239347
2020-06-08,26.6942138671875,26.776859283447266,26.570247650146484,26.652891159057617,23.097318649291992,8484823,25.80991672515869,,-0.0046296738193744025
2020-06-09,26.5289249420166,26.6942138671875,26.5289249420166,26.6942138671875,23.133127212524418,5510463,25.856197700500488,,0.0015504024641559422
2020-06-10,26.652891159057617,26.6942138671875,26.570247650146484,26.6942138671875,23.133127212524418,3905258,25.900825805664063,,0.0
2020-06-11,26.611570358276367,26.735536575317383,26.48760223388672,26.735536575317383,23.168933868408203,4608683,25.94132167816162,,0.0015480024373624168
2020-06-14,26.652891159057617,26.6942138671875,26.570247650146484,26.652891159057617,23.097318649291992,3798502,25.980164642333985,,-0.003091219659158262
2020-06-15,26.611570358276367,26.6942138671875,26.570247650146484,26.652891159057617,23.097318649291992,4697861,26.01818115234375,,0.0
2020-06-16,26.6942138671875,27.190082550048828,26.6942138671875,26.90082550048828,23.312175750732425,9408425,26.05785057067871,,0.009302343222393983
2020-06-17,26.942148208618164,27.02479362487793,26.85950469970703,26.983470916748047,23.3837947845459,6370152,26.091734886169434,,0.003072226027348801
2020-06-18,26.942148208618164,27.355371475219727,26.942148208618164,27.355371475219727,23.706085205078125,31011717,26.11570182800293,,0.01378253226277315
2020-06-21,27.438016891479492,27.438016891479492,27.190082550048828,27.190082550048828,23.562843322753903,5584567,26.138842353820802,,-0.00604228406551266
2020-06-22,27.190082550048828,27.23140335083008,26.983470916748047,27.107437133789062,23.491228103637695,6643440,26.15289192199707,,-0.0030395426754457056
2020-06-23,27.107437133789062,27.23140335083008,26.942148208618164,27.190082550048828,23.562843322753903,4798205,26.16776798248291,,0.003048809662524299
2020-06-24,27.148759841918945,27.190082550048828,27.06611442565918,27.107437133789062,23.491228103637695,4166927,26.180991134643556,,-0.0030395426754457056
2020-06-25,26.983470916748047,27.06611442565918,26.942148208618164,27.02479362487793,23.41960906982422,5033468,26.19173496246338,,-0.0030487392999657414
2020-06-28,26.942148208618164,27.02479362487793,26.90082550048828,26.942148208618164,23.34798812866211,2740231,26.207437438964845,,-0.0030581331131308565
2020-06-29,26.942148208618164,27.02479362487793,26.90082550048828,26.983470916748047,23.3837947845459,3881170,26.233057289123536,,0.0015337569896027858
2020-06-30,26.983470916748047,27.02479362487793,26.85950469970703,26.85950469970703,23.2763671875,4651056,26.256197814941405,,-0.004594153858986094
2020-07-01,26.818180084228516,27.02479362487793,26.776859283447266,27.02479362487793,23.41960906982422,2985566,26.28925567626953,,0.006153833699424238
2020-07-02,26.983470916748047,27.190082550048828,26.983470916748047,27.190082550048828,23.562843322753903,5889084,26.337189559936522,,0.006116195648530054
2020-07-05,27.148759841918945,27.190082550048828,27.06611442565918,27.107437133789062,23.491228103637695,4805340,26.3809912109375,,-0.0030395426754457056
2020-07-06,27.06611442565918,27.355371475219727,27.02479362487793,27.23140335083008,23.598649978637695,11523539,26.429751510620118,,0.004573144131228002
2020-07-07,27.23140335083008,27.644628524780273,27.190082550048828,27.438016891479492,23.77770233154297,13568684,26.49256145477295,,0.007587326219936186
2020-07-08,27.438016891479492,27.561983108520508,27.355371475219727,27.479337692260746,23.813512802124023,6823309,26.551239128112794,,0.0015059689242369334
2020-07-09,27.479337692260746,27.561983108520508,27.39669418334961,27.520660400390625,23.84932327270508,6086790,26.60578456878662,,0.0015037738024348268
2020-07-12,27.520660400390625,27.76859474182129,27.479337692260746,27.644628524780273,23.95675468444824,6978547,26.647933349609374,,0.004504547586652086
2020-07-13,27.644628524780273,27.685949325561523,27.438016891479492,27.520660400390625,23.84932327270508,4526031,26.689255676269532,,-0.004484347629360452
2020-07-14,27.561983108520508,27.561983108520508,27.314048767089844,27.561983108520508,23.8851318359375,4215021,26.733057327270508,,0.0015015158622173619
2020-07-15,27.479337692260746,27.644628524780273,27.479337692260746,27.644628524780273,23.95675468444824,4748896,26.774379653930666,,0.002998529384999671
2020-07-16,27.60330581665039,27.644628524780273,27.520660400390625,27.60330581665039,23.92094612121582,3752863,26.803305282592774,,-0.0014947825431201878
2020-07-19,27.520660400390625,27.561983108520508,27.39669418334961,27.39669418334961,23.74188995361328,2222052,26.855371398925783,,-0.007485032215820753
2020-07-20,27.355371475219727,27.39669418334961,27.148759841918945,27.355371475219727,23.706085205078125,7883479,26.89834659576416,,-0.001508310011906322
2020-07-21,27.27272605895996,27.355371475219727,27.23140335083008,27.27272605895996,23.63446044921875,4452658,26.926445770263673,,-0.0030211768951714513
2020-07-22,27.314048767089844,27.314048767089844,27.190082550048828,27.27272605895996,23.63446044921875,3015167,26.95537136077881,,0.0
2020-07-23,27.190082550048828,27.27272605895996,27.190082550048828,27.27272605895996,23.63446044921875,3105370,26.988429183959962,,0.0
2020-07-26,27.06611442565918,27.190082550048828,26.983470916748047,27.06611442565918,23.455413818359375,5981893,27.014875450134276,,-0.0075757602248530675
2020-07-27,27.02479362487793,27.23140335083008,27.02479362487793,27.23140335083008,23.598649978637695,3985188,27.04875972747803,,0.00610685828676627
2020-07-28,27.23140335083008,27.27272605895996,27.190082550048828,27.27272605895996,23.63446044921875,4247246,27.076858901977538,,0.001517465243987104
2020-08-05,27.27272605895996,27.438016891479492,27.27272605895996,27.314048767089844,23.670270919799805,9182850,27.10495807647705,,0.0015151660321945926
2020-08-06,27.314048767089844,27.355371475219727,27.23140335083008,27.23140335083008,23.598649978637695,4547696,27.13057788848877,,-0.00302574755447238
2020-08-09,27.23140335083008,27.39669418334961,27.190082550048828,27.314048767089844,23.670270919799805,6244352,27.148759689331055,,0.00303493048797443
2020-08-10,27.314048767089844,27.39669418334961,27.314048767089844,27.355371475219727,23.706085205078125,6842142,27.1611563873291,,0.001512873777236301
2020-08-11,27.355371475219727,27.520660400390625,27.314048767089844,27.520660400390625,23.84932327270508,8422623,27.160329933166505,,0.006042284065512549
2020-08-12,27.355371475219727,27.39669418334961,27.27272605895996,27.39669418334961,23.995389938354492,5804975,27.1628092956543,,-0.004504478280588642
2020-08-13,27.39669418334961,27.39669418334961,27.39669418334961,27.39669418334961,23.995389938354492,0,27.16528865814209,,0.0
2020-08-16,27.685949325561523,27.685949325561523,27.561983108520508,27.561983108520508,24.14016342163086,4578272,27.1710737991333,,0.00603317042796192
2020-08-17,27.561983108520508,27.685949325561523,27.479337692260746,27.685949325561523,24.248741149902344,12979051,27.180991134643556,,0.004497724875344389
2020-08-18,27.644628524780273,28.09917259216309,27.60330581665039,28.09917259216309,24.610660552978516,16235730,27.203305168151857,,0.014925378275544743
2020-08-19,28.09917259216309,28.305784225463867,27.933883666992188,28.223140716552734,24.719234466552734,12832369,27.226445693969726,,0.004411806930721518
2020-08-20,28.09917259216309,28.305784225463867,28.09917259216309,28.223140716552734,24.719234466552734,10463709,27.258677101135255,,0.0
2020-08-23,28.223140716552734,28.223140716552734,28.09917259216309,28.18181800842285,24.683042526245117,6293489,27.286776275634764,,-0.0014641427949103614
2020-08-24,28.18181800842285,28.84297561645508,28.14049530029297,28.84297561645508,25.26211929321289,20307392,27.330577964782716,,0.02346043139710252
2020-08-25,28.84297561645508,28.92561912536621,28.760330200195312,28.884296417236328,25.298309326171875,12982221,27.374379615783692,,0.0014326122703398614
2020-08-26,28.84297561645508,28.884296417236328,28.677684783935547,28.84297561645508,25.26211929321289,6710375,27.417354850769044,,-0.00143056282847831
2020-08-27,28.84297561645508,28.92561912536621,28.801652908325195,28.92561912536621,25.334501266479492,9928629,27.46115650177002,,0.0028652906693851232
2020-08-30,28.92561912536621,29.132230758666992,28.884296417236328,29.008264541625977,25.40688705444336,11392686,27.508263969421385,,0.0028571701750470524
2020-08-31,29.008264541625977,29.380165100097656,28.966941833496097,29.380165100097656,25.73261833190918,90226629,27.562809448242188,,0.012820503547808393
2020-09-01,29.29751968383789,29.338842391967773,29.09090805053711,29.132230758666992,25.51546287536621,11784458,27.607437553405763,,-0.008438834178976062
2020-09-02,29.09090805053711,29.79338836669922,28.801652908325195,29.752065658569336,26.058351516723633,19946230,27.662809448242186,,0.02127660270979903
2020-09-03,29.752065658569336,30.082643508911133,29.66942024230957,29.752065658569336,26.058351516723633,17411419,27.71074333190918,,0.0
2020-09-06,29.62809944152832,29.79338836669922,29.42148780822754,29.62809944152832,25.94976806640625,8102335,27.75950366973877,,-0.004166642359009098
2020-09-07,29.62809944152832,29.752065658569336,29.504131317138672,29.545454025268555,25.87738800048828,8002447,27.808264007568358,,-0.002789426855504762
2020-09-08,29.545454025268555,29.752065658569336,29.545454025268555,29.710742950439453,26.02215576171875,11106956,27.858677215576172,,0.005594394488896093
2020-09-09,29.545454025268555,29.62809944152832,29.42148780822754,29.58677673339844,25.9135799407959,8855234,27.90826400756836,,-0.004172437466400614
2020-09-10,29.545454025268555,29.58677673339844,29.42148780822754,29.504131317138672,25.841196060180664,7403936,27.957850761413575,,-0.0027933227402388017
2020-09-13,29.504131317138672,29.79338836669922,29.42148780822754,29.710742950439453,26.02215576171875,11715585,28.01322265625,,0.007002803474534414
2020-09-14,29.752065658569336,29.91735458374023,29.62809944152832,29.79338836669922,26.094539642333984,14098110,28.069421005249023,,0.0027816677757814823
2020-09-15,29.79338836669922,29.958677291870117,29.710742950439453,29.876033782958984,26.16692352294922,17674197,28.12975158691406,,0.0027739515641040935
2020-09-16,29.91735458374023,30.041322708129883,29.79338836669922,29.958677291870117,26.23930931091309,16247771,28.188429260253905,,0.002766214200703887
2020-09-17,30.0,30.537189483642575,29.958677291870117,30.28925514221191,26.528844833374023,74552211,28.25041271209717,,0.01103446080483339
2020-09-20,30.24793243408203,30.57851219177246,30.20661163330078,30.537189483642575,26.746000289916992,15540269,28.319007759094237,,0.008185554258979932
2020-09-21,30.537189483642575,30.702478408813477,30.454544067382812,30.537189483642575,26.746000289916992,16176954,28.385123481750487,,0.0
2020-09-22,30.495866775512695,30.495866775512695,30.28925514221191,30.28925514221191,26.528844833374023,7456714,28.442148246765136,,-0.008119094966597129
2020-09-24,30.24793243408203,30.37190055847168,30.123966217041016,30.330577850341797,26.56503677368164,7131498,28.499173049926757,,0.001364269538351781
2020-09-27,30.330577850341797,30.330577850341797,30.1652889251709,30.24793243408203,26.492650985717773,6810452,28.553718490600588,,-0.002724821685480494
2020-09-28,30.24793243408203,30.28925514221191,30.082643508911133,30.20661163330078,26.456459045410156,11544722,28.604958152770998,,-0.001366070255257923
2020-09-29,30.1652889251709,30.20661163330078,29.91735458374023,29.91735458374023,26.203113555908203,6821538,28.65289203643799,,-0.009575951552330486
2020-09-30,29.83470916748047,29.876033782958984,29.545454025268555,29.66942024230957,25.9859619140625,6889927,28.695040779113768,27.418387928009032,-0.00828730831586999
2020-10-01,29.58677673339844,29.62809944152832,29.42148780822754,29.545454025268555,25.87738800048828,4355710,28.733057289123536,27.420660657882692,-0.004178248716307453
2020-10-04,29.338842391967773,29.338842391967773,29.008264541625977,29.008264541625977,25.40688705444336,4502020,28.761156463623045,27.413635864257813,-0.0181817982280168
2020-10-05,28.966941833496097,29.62809944152832,28.884296417236328,29.62809944152832,25.94976806640625,7615433,28.80578456878662,27.40723091125488,0.02136752783031537
2020-10-06,29.62809944152832,29.876033782958984,29.62809944152832,29.62809944152832,25.94976806640625,7018438,28.851239128112795,27.398346614837646,0.0
2020-10-07,29.62809944152832,29.710742950439453,29.380165100097656,29.58677673339844,25.9135799407959,3525406,28.89752014160156,27.390288763046264,-0.0013947134277523254
2020-10-08,29.58677673339844,29.752065658569336,29.545454025268555,29.752065658569336,26.058351516723633,3658318,28.94710693359375,27.3873962020874,0.005586581014224157
2020-10-11,29.752065658569336,29.83470916748047,29.66942024230957,29.710742950439453,26.02215576171875,4595923,28.99586727142334,27.389255704879762,-0.0013889021557056402
2020-10-12,29.710742950439453,29.752065658569336,29.58677673339844,29.710742950439453,26.02215576171875,3263680,29.048759841918944,27.391941652297973,0.0
2020-10-13,29.66942024230957,29.752065658569336,29.62809944152832,29.66942024230957,25.9859619140625,3302978,29.097520179748535,27.393181314468382,-0.0013908338878907411
2020-10-14,29.66942024230957,29.710742950439453,29.58677673339844,29.58677673339844,25.9135799407959,3238505,29.143801193237305,27.394834203720094,-0.002785477715310236
2020-10-15,29.58677673339844,29.62809944152832,29.504131317138672,29.58677673339844,25.9135799407959,3778228,29.189255752563476,27.3973135471344,0.0
2020-10-18,29.504131317138672,29.66942024230957,29.504131317138672,29.62809944152832,25.94976806640625,2665164,29.23718967437744,27.399379663467407,0.0013966613701192898
2020-10-19,29.58677673339844,29.62809944152832,29.46280860900879,29.46280860900879,25.80499839782715,3060041,29.28016487121582,27.400412712097168,-0.005578853711009635
2020-10-20,29.338842391967773,29.42148780822754,29.132230758666992,29.338842391967773,25.69642448425293,4027470,29.31983428955078,27.40185899734497,-0.0042075492084319155
2020-10-21,29.21487617492676,29.338842391967773,29.173553466796875,29.173553466796875,25.55165672302246,2869875,29.352892150878905,27.40206561088562,-0.005633791645990427
2020-10-22,29.173553466796875,29.173553466796875,29.008264541625977,29.173553466796875,25.55165672302246,3837228,29.38842933654785,27.402892055511476,0.0
2020-10-25,29.173553466796875,29.173553466796875,28.51239585876465,28.51239585876465,24.972579956054688,5313338,29.410743370056153,27.40020610809326,-0.02266290970637863
2020-10-26,28.51239585876465,28.92561912536621,28.09917259216309,28.18181800842285,24.683042526245117,7994206,29.4231400680542,27.398346605300905,-0.011594180018378863
2020-10-27,28.223140716552734,28.51239585876465,28.223140716552734,28.51239585876465,24.972579956054688,2794481,29.43966899871826,27.398346605300905,0.011730181858494504
2020-10-28,28.51239585876465,28.51239585876465,28.14049530029297,28.264461517333984,24.755430221557617,3310080,29.44297477722168,27.397726764678954,-0.008695668461493056
2020-10-29,28.09917259216309,28.18181800842285,27.685949325561523,27.851238250732425,24.39350700378418,7838536,29.435536727905273,27.39566064834595,-0.014619888171162887
2020-11-01,27.809917449951172,27.933883666992188,27.685949325561523,27.76859474182129,24.32112693786621,2988286,29.426445808410644,27.389875526428224,-0.0029673190170983466
2020-11-02,27.76859474182129,28.305784225463867,27.644628524780273,28.264461517333984,24.755430221557617,4496656,29.428098678588867,27.387396183013916,0.017857107286955554
2020-11-03,28.305784225463867,28.760330200195312,28.305784225463867,28.429752349853516,24.90019798278809,5746015,29.419834213256834,27.385949907302855,0.005848009254241893
2020-11-04,28.47107315063477,28.71900749206543,28.47107315063477,28.636362075805664,25.081159591674805,3215008,29.414875526428222,27.38512345314026,0.0072673769159024015
2020-11-05,28.636362075805664,28.636362075805664,28.429752349853516,28.595041275024418,25.04496955871582,3110272,29.40991683959961,27.384710235595705,-0.0014429486773446243
2020-11-08,28.47107315063477,28.801652908325195,28.429752349853516,28.801652908325195,25.22593116760254,3446986,29.40743751525879,27.385743293762207,0.007225435742987951
2020-11-09,28.84297561645508,29.338842391967773,28.84297561645508,29.338842391967773,25.69642448425293,8100476,29.414049072265627,27.390495357513426,0.018651342176521535
2020-11-10,29.338842391967773,29.42148780822754,29.09090805053711,29.21487617492676,25.84395980834961,10880209,29.410743293762206,27.39359453201294,-0.004225327481732877
2020-11-11,29.21487617492676,29.338842391967773,29.132230758666992,29.338842391967773,25.9536190032959,5109026,29.414875526428222,27.397520151138306,0.004243256630586112
2020-11-12,29.25619888305664,29.29751968383789,29.049585342407227,29.132230758666992,25.770849227905273,3220298,29.402478828430176,27.400825939178468,-0.007042255810247866
2020-11-15,29.09090805053711,29.25619888305664,29.049585342407227,29.173553466796875,25.807401657104492,4929100,29.390908584594726,27.404338340759278,0.001418453275075393
2020-11-16,29.132230758666992,29.25619888305664,29.132230758666992,29.25619888305664,25.88051414489746,5024217,29.383470573425292,27.40888380050659,0.0028328882305621583
2020-11-17,29.25619888305664,29.338842391967773,29.21487617492676,29.338842391967773,25.9536190032959,5190057,29.379338340759276,27.414049091339113,0.002824820450581411
2020-11-18,29.29751968383789,29.338842391967773,29.21487617492676,29.338842391967773,25.9536190032959,4405324,29.371900329589845,27.41921438217163,0.0
2020-11-19,29.25619888305664,29.380165100097656,29.21487617492676,29.25619888305664,25.88051414489746,3511315,29.365288772583007,27.423346614837648,-0.0028168633174756597
2020-11-22,29.29751968383789,29.380165100097656,29.173553466796875,29.173553466796875,25.807401657104492,4165628,29.358677215576172,27.428098678588867,-0.002824885645265063
2020-11-23,29.173553466796875,29.338842391967773,29.132230758666992,29.338842391967773,25.9536190032959,5414975,29.35123920440674,27.434503631591795,0.005665711081751512
2020-11-24,29.29751968383789,29.62809944152832,29.25619888305664,29.504131317138672,26.09984016418457,6892840,29.345454063415527,27.44173502922058,0.005633791645990538
2020-11-25,29.545454025268555,29.752065658569336,29.504131317138672,29.504131317138672,26.09984016418457,8206568,29.33801601409912,27.449379653930663,0.0
2020-11-26,29.504131317138672,29.66942024230957,29.25619888305664,29.66942024230957,26.24605369567871,11382457,29.33223087310791,27.458677167892457,0.005602229850261153
2020-11-29,29.545454025268555,29.66942024230957,29.504131317138672,29.545454025268555,26.136394500732425,3778039,29.317354850769043,27.468387908935547,-0.004178248716307453
2020-11-30,29.545454025268555,29.752065658569336,29.25619888305664,29.752065658569336,26.319162368774418,13008967,29.30165237426758,27.47644576072693,0.006993009250224391
2020-12-01,29.46280860900879,29.752065658569336,29.46280860900879,29.710742950439453,26.282611846923828,4545033,29.285123443603517,27.48615650177002,-0.0013889021557056402
2020-12-02,29.58677673339844,29.752065658569336,29.504131317138672,29.66942024230957,26.24605369567871,3610993,29.272726745605468,27.496280460357667,-0.0013908338878907411
2020-12-03,29.62809944152832,29.62809944152832,29.545454025268555,29.62809944152832,26.209503173828125,2629749,29.2586771774292,27.50723087310791,-0.001392706714313352
2020-12-06,29.66942024230957,29.66942024230957,29.504131317138672,29.504131317138672,26.09984016418457,2302563,29.24380115509033,27.517974672317504,-0.004184140283257198
2020-12-07,29.46280860900879,29.504131317138672,29.29751968383789,29.46280860900879,26.06328392028809,4462207,29.22892509460449,27.52851185798645,-0.0014005736242733713
2020-12-08,29.380165100097656,29.42148780822754,29.338842391967773,29.42148780822754,26.0267333984375,2494990,29.21900775909424,27.53884243965149,-0.0014024732444759547
2020-12-09,29.42148780822754,29.504131317138672,29.338842391967773,29.46280860900879,26.06328392028809,2968987,29.214875526428223,27.548966398239134,0.0014044429381201429
2020-12-10,29.42148780822754,29.46280860900879,29.338842391967773,29.338842391967773,25.9536190032959,3166686,29.210743293762206,27.557644081115722,-0.0042075492084319155
2020-12-13,29.338842391967773,29.380165100097656,29.25619888305664,29.25619888305664,25.88051414489746,2837548,29.215701980590822,27.56487548828125,-0.0028168633174756597
2020-12-14,29.21487617492676,29.25619888305664,29.173553466796875,29.25619888305664,25.88051414489746,3345614,29.208263969421388,27.570454006195067,0.0
2020-12-15,29.173553466796875,29.46280860900879,29.173553466796875,29.29751968383789,25.917068481445312,4311416,29.201652374267578,27.578925075531007,0.0014123776279488798
2020-12-16,29.338842391967773,29.42148780822754,29.25619888305664,29.42148780822754,26.0267333984375,2877601,29.19834659576416,27.587602767944336,0.004231352200713356
2020-12-17,29.380165100097656,29.42148780822754,29.09090805053711,29.09090805053711,25.734296798706055,11489530,29.185123443603516,27.59483416557312,-0.011235997303915557
2020-12-20,29.25619888305664,29.29751968383789,29.09090805053711,29.09090805053711,25.734296798706055,3409015,29.17272674560547,27.602478790283204,0.0
2020-12-21,28.92561912536621,29.049585342407227,28.636362075805664,28.760330200195312,25.44186019897461,8168937,29.153718490600586,27.61136308670044,-0.011363614011893786
2020-12-22,28.636362075805664,28.92561912536621,28.636362075805664,28.92561912536621,25.588075637817383,3507998,29.138842468261718,27.620453996658327,0.0057471150025174556
2020-12-23,28.92561912536621,28.92561912536621,28.801652908325195,28.84297561645508,25.514968872070312,2738813,29.12396644592285,27.62809863090515,-0.002857104235278296
2020-12-24,28.84297561645508,29.09090805053711,28.84297561645508,28.92561912536621,25.588075637817383,3876887,29.11074329376221,27.636156482696535,0.0028652906693851232
2020-12-27,28.884296417236328,29.049585342407227,28.801652908325195,28.966941833496097,25.6246337890625,2790324,29.097520141601564,27.644627561569212,0.0014285850875235262
2020-12-28,28.966941833496097,29.008264541625977,28.884296417236328,29.008264541625977,25.66118621826172,2750469,29.088429260253907,27.665701942443846,0.0014265471435475074
2020-12-29,28.966941833496097,29.008264541625977,28.801652908325195,29.008264541625977,25.66118621826172,3862225,29.08181770324707,27.69359450340271,0.0
2020-12-30,28.966941833496097,29.008264541625977,28.84297561645508,28.966941833496097,25.6246337890625,3854416,29.077685470581056,27.709710206985473,-0.0014245150057350386
2020-12-31,28.966941833496097,29.049585342407227,28.884296417236328,28.92561912536621,25.588075637817383,3984239,29.07272678375244,27.73161103248596,-0.0014265471435477295
2021-01-03,28.92561912536621,28.92561912536621,28.801652908325195,28.801652908325195,25.478418350219727,1974842,29.07851192474365,27.755784587860106,-0.004285689322801822
2021-01-04,28.801652908325195,28.92561912536621,28.760330200195312,28.801652908325195,25.478418350219727,2807501,29.0909086227417,27.781197814941407,0.0
2021-01-05,28.84297561645508,28.84297561645508,28.636362075805664,28.801652908325195,25.478418350219727,4695225,29.09669376373291,27.810330047607422,0.0
2021-01-06,28.801652908325195,28.884296417236328,28.677684783935547,28.760330200195312,25.44186019897461,3659585,29.106611137390136,27.833883771896364,-0.001434733911328312
2021-01-07,28.71900749206543,28.84297561645508,28.677684783935547,28.84297561645508,25.514968872070312,3905314,29.12644588470459,27.858263940811156,0.0028735906606249806
2021-01-10,28.92561912536621,29.132230758666992,28.884296417236328,28.92561912536621,25.588075637817383,4439506,29.149586372375488,27.881611042022705,0.0028652906693851232
2021-01-11,28.92561912536621,29.09090805053711,28.84297561645508,29.09090805053711,25.734296798706055,5483300,29.16611530303955,27.90764410018921,0.0057142744103253484
2021-01-12,29.008264541625977,29.049585342407227,28.92561912536621,29.049585342407227,25.69774055480957,4123459,29.178511962890624,27.934710216522216,-0.0014204681427646415
2021-01-13,29.008264541625977,29.049585342407227,28.966941833496097,29.049585342407227,25.69774055480957,2528144,29.186776428222657,27.958057317733765,0.0
2021-01-14,28.966941833496097,29.008264541625977,28.884296417236328,28.92561912536621,25.588075637817383,2766089,29.193387985229492,27.980371370315552,-0.004267400569743951
2021-01-17,28.92561912536621,28.92561912536621,28.760330200195312,28.760330200195312,25.44186019897461,2789088,29.192561531066893,28.00061930656433,-0.0057142744103253484
2021-01-18,28.760330200195312,28.884296417236328,28.760330200195312,28.884296417236328,25.551525115966797,2456820,29.183470611572265,28.021487073898314,0.004310319672205187
2021-01-19,28.84297561645508,28.884296417236328,28.760330200195312,28.84297561645508,25.514968872070312,3373270,29.17603260040283,28.041941623687745,-0.00143056282847831
2021-01-20,28.760330200195312,28.84297561645508,28.71900749206543,28.760330200195312,25.44186019897461,2921453,29.164462356567384,28.061156501770018,-0.0028653567980905237
2021-01-21,28.760330200195312,28.84297561645508,28.760330200195312,28.760330200195312,25.44186019897461,2112316,29.15702434539795,28.07851187705994,0.0
2021-01-24,28.760330200195312,28.884296417236328,28.760330200195312,28.884296417236328,25.551525115966797,1982081,29.15123920440674,28.092148237228393,0.004310319672205187
2021-01-25,28.801652908325195,28.884296417236328,28.71900749206543,28.71900749206543,25.40530586242676,3240630,29.140495376586912,28.105577993392945,-0.005722449416225461
2021-01-26,28.71900749206543,28.84297561645508,28.677684783935547,28.677684783935547,25.368751525878903,2477760,29.12727222442627,28.116941623687744,-0.0014388626814940686
2021-01-27,28.71900749206543,28.801652908325195,28.677684783935547,28.760330200195312,25.44186019897461,2866440,29.11570198059082,28.128511877059935,0.0028818719810346227
2021-01-28,28.677684783935547,28.84297561645508,28.677684783935547,28.71900749206543,25.40530586242676,3759479,29.104958152770998,28.13987551689148,-0.0014367953303123793
2021-01-31,28.71900749206543,28.801652908325195,28.595041275024418,28.636362075805664,25.332195281982425,2407707,29.09421432495117,28.150619316101075,-0.002877725362988248
2021-02-01,28.636362075805664,28.636362075805664,28.223140716552734,28.223140716552734,24.96665382385254,3663478,29.071900291442873,28.160949897766113,-0.014429953014250096
2021-02-02,28.305784225463867,28.47107315063477,28.264461517333984,28.264461517333984,25.00320625305176,2576872,29.047106895446777,28.173759813308717,0.001464075213890581
2021-02-03,28.264461517333984,28.305784225463867,28.09917259216309,28.09917259216309,24.85698890686035,2941393,29.019007720947265,28.185743284225463,-0.005847941772020859
2021-02-04,28.09917259216309,28.14049530029297,28.01652717590332,28.057851791381836,24.820436477661133,4935362,28.98677635192871,28.199173040390015,-0.0014705344310663726
2021-02-07,28.09917259216309,28.305784225463867,28.057851791381836,28.18181800842285,24.930099487304688,2766707,28.959503631591797,28.216115188598632,0.004418236220033567
2021-02-08,28.18181800842285,28.55371856689453,28.18181800842285,28.34710693359375,25.076316833496097,2996544,28.931404457092285,28.2332639503479,0.005865090929247252
2021-02-09,28.388429641723633,28.84297561645508,28.388429641723633,28.51239585876465,25.222536087036133,4447508,28.90743751525879,28.251858987808227,0.0058308922162007
2021-02-10,28.677684783935547,28.677684783935547,28.388429641723633,28.47107315063477,25.185977935791016,2601531,28.883470573425292,28.272726755142212,-0.0014492892261517287
2021-02-11,28.429752349853516,28.55371856689453,28.388429641723633,28.55371856689453,25.25908470153809,2337586,28.861982955932618,28.29276807785034,0.002902785427949972
2021-02-14,28.51239585876465,28.636362075805664,28.51239585876465,28.55371856689453,25.25908470153809,3255622,28.842974700927734,28.311569728851318,0.0
2021-02-15,28.55371856689453,28.84297561645508,28.55371856689453,28.636362075805664,25.332195281982425,4635824,28.82644577026367,28.327065591812133,0.0028943168546513576
2021-02-16,28.636362075805664,28.84297561645508,28.636362075805664,28.801652908325195,25.478418350219727,3787210,28.814049072265625,28.343801136016847,0.005772061132694795
2021-02-17,28.84297561645508,28.884296417236328,28.636362075805664,28.71900749206543,25.40530586242676,3947335,28.799173049926758,28.360536670684816,-0.002869467822656735
2021-02-18,28.71900749206543,29.049585342407227,28.677684783935547,28.71900749206543,25.40530586242676,8857618,28.78677635192871,28.37623914718628,0.0
2021-02-21,28.71900749206543,28.760330200195312,28.636362075805664,28.71900749206543,25.40530586242676,3533345,28.776032524108885,28.389049062728883,0.0
2021-02-22,28.636362075805664,28.71900749206543,28.51239585876465,28.595041275024418,25.295642852783203,5997354,28.762809371948244,28.40805732727051,-0.004316521630326586
2021-02-23,28.636362075805664,28.801652908325195,28.636362075805664,28.677684783935547,25.368751525878903,4442620,28.750412673950194,28.42541269302368,0.0028901342759490856
2021-02-24,28.636362075805664,28.677684783935547,28.51239585876465,28.55371856689453,25.25908470153809,5098508,28.733057289123536,28.438842449188233,-0.004322741461697754
2021-02-25,28.55371856689453,28.677684783935547,28.51239585876465,28.55371856689453,25.25908470153809,8707846,28.722313499450685,28.45247880935669,0.0
2021-02-28,28.429752349853516,28.51239585876465,28.34710693359375,28.47107315063477,25.185977935791016,3132127,28.709916801452636,28.466735000610353,-0.0028943836532584477
2021-03-01,28.429752349853516,28.51239585876465,28.388429641723633,28.51239585876465,25.222536087036133,4097591,28.704958114624024,28.48057797431946,0.001451392713974986
2021-03-02,28.47107315063477,28.55371856689453,28.429752349853516,28.47107315063477,25.185977935791016,3780935,28.695867195129395,28.49524739265442,-0.0014492892261517287
2021-03-03,28.47107315063477,28.966941833496097,28.429752349853516,28.966941833496097,25.6246337890625,10986738,28.698346519470213,28.510743265151977,0.017416578582682307
2021-03-04,28.92561912536621,29.173553466796875,28.84297561645508,29.09090805053711,25.734296798706055,10967556,28.701652297973634,28.52665235519409,0.004279575584940076
2021-03-07,29.21487617492676,29.752065658569336,29.21487617492676,29.58677673339844,26.17295265197754,12244795,28.71404899597168,28.544834175109862,0.01704548658295235
2021-03-08,29.58677673339844,29.752065658569336,29.42148780822754,29.66942024230957,26.24605369567871,12526203,28.72727210998535,28.561156482696532,0.002793258273985577
2021-03-09,29.66942024230957,29.752065658569336,29.504131317138672,29.58677673339844,26.17295265197754,6298721,28.7388423538208,28.575412683486938,-0.002785477715310236
2021-03-10,29.504131317138672,29.66942024230957,29.46280860900879,29.58677673339844,26.17295265197754,5603854,28.751239051818846,28.585536651611328,0.0
2021-03-11,29.58677673339844,29.66942024230957,29.504131317138672,29.66942024230957,26.24605369567871,5423393,28.766115074157714,28.597520122528078,0.002793258273985577
2021-03-14,29.58677673339844,29.62809944152832,29.504131317138672,29.58677673339844,26.17295265197754,3320312,28.78181755065918,28.60909037590027,-0.002785477715310236
2021-03-15,29.545454025268555,29.66942024230957,29.504131317138672,29.504131317138672,26.09984016418457,4818365,28.79586711883545,28.62024740219116,-0.0027933227402388017
2021-03-16,29.545454025268555,29.62809944152832,29.42148780822754,29.504131317138672,26.09984016418457,6296130,28.809916687011718,28.63181764602661,0.0
2021-03-17,29.46280860900879,29.504131317138672,29.21487617492676,29.338842391967773,25.9536190032959,5130973,28.82148693084717,28.64359450340271,-0.005602229850261153
2021-03-18,29.29751968383789,29.46280860900879,29.09090805053711,29.09090805053711,25.734296798706055,8637018,28.82644557952881,28.6537184715271,-0.008450719974505305
2021-03-21,28.966941833496097,29.29751968383789,28.92561912536621,29.25619888305664,25.88051414489746,4019162,28.83305717468262,28.666941614151,0.005681872571058566
2021-03-22,29.25619888305664,29.42148780822754,29.173553466796875,29.380165100097656,25.99017906188965,4609176,28.83884231567383,28.679958143234252,0.004237263273213943
2021-03-23,29.173553466796875,29.173553466796875,28.966941833496097,29.008264541625977,25.917665481567383,4686742,28.838015899658203,28.691735010147095,-0.012658218808663024
2021-03-24,28.92561912536621,28.92561912536621,28.801652908325195,28.84297561645508,25.769989013671875,2876260,28.83388370513916,28.702478818893432,-0.005697994271036455
2021-03-25,28.92561912536621,28.92561912536621,28.760330200195312,28.760330200195312,25.696144104003903,3686392,28.83057792663574,28.71280940055847,-0.0028653567980905237
2021-03-28,28.677684783935547,28.760330200195312,28.595041275024418,28.636362075805664,25.585390090942383,2992966,28.82809856414795,28.722313528060912,-0.004310385990937138
2021-03-29,28.636362075805664,29.049585342407227,28.55371856689453,29.049585342407227,25.954587936401367,3660726,28.831404342651368,28.734296998977662,0.01443001962007906
2021-03-30,29.049585342407227,29.049585342407227,28.84297561645508,28.966941833496097,25.880746841430664,2999877,28.833883666992186,28.745867252349854,-0.0028449118270368334
2021-03-31,29.752065658569336,29.752065658569336,29.173553466796875,29.752065658569336,26.58222007751465,23775632,28.85371837615967,28.76012345314026,0.02710413234459419
2021-04-01,29.545454025268555,29.58677673339844,29.29751968383789,29.29751968383789,26.176105499267575,4971082,28.86446216583252,28.771693696975706,-0.015277795496546509
2021-04-04,29.29751968383789,29.46280860900879,29.21487617492676,29.380165100097656,26.24994659423828,4130272,28.874379539489745,28.781817665100096,0.0028209014671420896
2021-04-05,29.29751968383789,29.42148780822754,29.25619888305664,29.42148780822754,26.286865234375,3595141,28.88842914581299,28.79297469139099,0.0014064831830964408
2021-04-06,29.338842391967773,29.380165100097656,29.29751968383789,29.29751968383789,26.176105499267575,4465080,28.900825843811035,28.803925104141236,-0.004213523299626654
2021-04-07,29.29751968383789,29.29751968383789,29.29751968383789,29.29751968383789,26.176105499267575,0,28.911569633483886,28.81446228981018,0.0
2021-04-08,29.29751968383789,29.42148780822754,29.25619888305664,29.42148780822754,26.286865234375,5377079,28.92561923980713,28.82603254318237,0.004231352200713356
2021-04-11,29.42148780822754,29.42148780822754,29.42148780822754,29.42148780822754,26.286865234375,0,28.941321754455565,28.83801601409912,0.0
2021-04-12,29.380165100097656,29.545454025268555,29.338842391967773,29.46280860900879,26.32378387451172,5728291,28.96611511230469,28.850619316101074,0.0014044429381201429
2021-04-13,29.380165100097656,29.545454025268555,29.29751968383789,29.29751968383789,26.176105499267575,3845548,28.986776275634767,28.862189559936525,-0.005610087190409896
2021-04-14,29.29751968383789,29.42148780822754,29.29751968383789,29.42148780822754,26.286865234375,6740987,29.013222579956054,28.874999475479125,0.004231352200713356
2021-04-15,29.338842391967773,29.42148780822754,29.29751968383789,29.42148780822754,26.286865234375,4692295,29.040495300292967,28.886982946395875,0.0
2021-04-18,29.338842391967773,29.46280860900879,29.338842391967773,29.380165100097656,26.24994659423828,4049249,29.064462242126464,28.89793335914612,-0.0014045077665422179
2021-04-19,29.380165100097656,29.380165100097656,29.29751968383789,29.380165100097656,26.24994659423828,5282626,29.085123405456542,28.909296998977663,0.0
2021-04-20,29.338842391967773,29.380165100097656,29.29751968383789,29.380165100097656,26.24994659423828,3848031,29.102478790283204,28.920040807724,0.0
2021-04-21,29.29751968383789,29.338842391967773,29.25619888305664,29.25619888305664,26.139184951782227,4756852,29.11818130493164,28.929131717681884,-0.004219384629686851
2021-04-22,29.25619888305664,29.338842391967773,29.21487617492676,29.25619888305664,26.139184951782227,4903002,29.132230911254883,28.938016023635864,0.0
2021-04-25,29.25619888305664,29.338842391967773,29.173553466796875,29.21487617492676,26.102264404296875,2797343,29.145454063415528,28.946487102508545,-0.0014124428226324204
2021-04-26,29.173553466796875,29.25619888305664,29.173553466796875,29.25619888305664,26.139184951782227,3336247,29.157850799560546,28.954544954299926,0.0014144406391611852
2021-04-27,29.173553466796875,29.25619888305664,29.132230758666992,29.25619888305664,26.139184951782227,4536818,29.166941719055174,28.963222646713255,0.0
2021-04-28,29.380165100097656,29.79338836669922,29.338842391967773,29.58677673339844,26.434541702270508,25029052,29.184297103881836,28.973346614837645,0.011299412191692726
2021-04-29,29.46280860900879,29.545454025268555,29.25619888305664,29.25619888305664,26.139184951782227,8977903,29.19504093170166,28.98140446662903,-0.011173162028448869
2021-05-02,29.25619888305664,29.338842391967773,29.173553466796875,29.29751968383789,26.176105499267575,4950797,29.20661117553711,28.989875535964966,0.0014123776279488798
2021-05-03,29.29751968383789,29.338842391967773,29.21487617492676,29.25619888305664,26.139184951782227,3756344,29.219834327697754,28.9991730594635,-0.0014103856308370633
2021-05-04,29.42148780822754,29.504131317138672,29.338842391967773,29.46280860900879,26.32378387451172,7574342,29.235536804199217,29.009710245132446,0.007062083723795132
2021-05-05,29.46280860900879,29.545454025268555,29.42148780822754,29.46280860900879,26.32378387451172,5521602,29.253718605041502,29.02066065788269,0.0
2021-05-06,29.46280860900879,29.504131317138672,29.380165100097656,29.46280860900879,26.32378387451172,6346875,29.271900405883787,29.031611070632934,0.0
2021-05-09,29.46280860900879,29.504131317138672,29.42148780822754,29.504131317138672,26.36070251464844,4149547,29.292561569213866,29.04276809692383,0.0014025379819779804
2021-05-10,29.46280860900879,29.62809944152832,29.46280860900879,29.58677673339844,26.434541702270508,7590016,29.314049186706544,29.055371408462523,0.0028011472485469646
2021-05-17,29.338842391967773,29.380165100097656,29.25619888305664,29.380165100097656,26.510461807250977,8129714,29.3322310256958,29.06611521720886,-0.00698324238434378
2021-05-18,29.380165100097656,29.42148780822754,29.29751968383789,29.380165100097656,26.510461807250977,4286166,29.34049549102783,29.07665241241455,0.0
2021-05-19,29.338842391967773,29.380165100097656,29.25619888305664,29.29751968383789,26.43588638305664,2613688,29.344627723693847,29.08656976699829,-0.0028129663661927706
2021-05-20,29.29751968383789,29.338842391967773,29.25619888305664,29.29751968383789,26.43588638305664,5646472,29.338842582702636,29.09690034866333,0.0
2021-05-23,29.25619888305664,29.29751968383789,29.21487617492676,29.29751968383789,26.43588638305664,3623162,29.331404571533202,29.10681770324707,0.0
2021-05-24,29.29751968383789,29.29751968383789,29.21487617492676,29.21487617492676,26.36131477355957,3487626,29.32396656036377,29.116115226745606,-0.002820836364407997
2021-05-25,29.21487617492676,29.29751968383789,29.173553466796875,29.25619888305664,26.398601531982425,8294871,29.317355003356933,29.124792919158935,0.0014144406391611852
2021-05-26,29.25619888305664,29.25619888305664,29.173553466796875,29.173553466796875,26.32402610778809,5567732,29.30743766784668,29.13367721557617,-0.002824885645265063
2021-05-27,29.173553466796875,29.25619888305664,29.132230758666992,29.132230758666992,26.286741256713867,11372771,29.29834674835205,29.14235489845276,-0.0014164441152810792
2021-05-30,29.132230758666992,29.173553466796875,29.09090805053711,29.173553466796875,26.32402610778809,4189668,29.291735191345214,29.15041275024414,0.001418453275075393
2021-05-31,29.173553466796875,29.173553466796875,29.09090805053711,29.173553466796875,26.32402610778809,3452486,29.28512363433838,29.15785077095032,0.0
2021-06-01,29.173553466796875,29.338842391967773,29.173553466796875,29.25619888305664,26.398601531982425,5402535,29.283470764160157,29.163635902404785,0.0028328882305621583
2021-06-02,29.25619888305664,29.29751968383789,29.173553466796875,29.25619888305664,26.398601531982425,4516423,29.286776580810546,29.168801193237304,0.0
2021-06-03,29.25619888305664,29.29751968383789,29.173553466796875,29.21487617492676,26.36131477355957,5512052,29.28595012664795,29.173759870529175,-0.0014124428226324204
2021-06-06,29.25619888305664,29.29751968383789,29.21487617492676,29.25619888305664,26.398601531982425,7058255,29.28347080230713,29.179131774902345,0.0014144406391611852
2021-06-07,29.25619888305664,29.29751968383789,29.21487617492676,29.29751968383789,26.43588638305664,4910574,29.289255905151368,29.181404495239256,0.0014123776279488798
2021-06-08,29.25619888305664,29.29751968383789,29.173553466796875,29.25619888305664,26.398601531982425,5905413,29.297520370483397,29.183264007568358,-0.0014103856308370633
2021-06-09,29.25619888305664,29.29751968383789,29.21487617492676,29.25619888305664,26.398601531982425,9394375,29.307437744140625,29.185330123901366,0.0
2021-06-10,29.25619888305664,29.29751968383789,29.173553466796875,29.25619888305664,26.398601531982425,11913281,29.319834480285646,29.18698302268982,0.0
2021-06-13,29.25619888305664,29.29751968383789,29.173553466796875,29.25619888305664,26.398601531982425,8006300,29.323966751098634,29.188222694396973,0.0
2021-06-14,29.21487617492676,29.25619888305664,29.132230758666992,29.173553466796875,26.32402610778809,6642514,29.328098983764647,29.187189636230467,-0.002824885645265063
2021-06-15,29.173553466796875,29.21487617492676,29.09090805053711,29.173553466796875,26.32402610778809,6122051,29.3165287399292,29.18739624977112,0.0
2021-06-16,29.173553466796875,29.25619888305664,29.132230758666992,29.173553466796875,26.32402610778809,4412861,29.31404941558838,29.184503688812256,0.0
2021-06-17,29.173553466796875,29.25619888305664,29.132230758666992,29.132230758666992,26.286741256713867,14730099,29.309090728759767,29.181404514312746,-0.0014164441152810792
2021-06-20,29.173553466796875,29.21487617492676,29.132230758666992,29.173553466796875,26.32402610778809,4669834,29.30413204193115,29.179131784439086,0.001418453275075393
2021-06-21,29.132230758666992,29.21487617492676,29.132230758666992,29.173553466796875,26.32402610778809,4164021,29.301652717590333,29.17727228164673,0.0
2021-06-22,29.173553466796875,29.21487617492676,29.132230758666992,29.173553466796875,26.32402610778809,9694458,29.29917339324951,29.174586334228515,0.0
2021-06-23,29.173553466796875,29.173553466796875,29.09090805053711,29.09090805053711,26.249454498291016,4923961,29.292561798095704,29.17210699081421,-0.0028328882305621583
2021-06-24,29.09090805053711,29.132230758666992,29.049585342407227,29.049585342407227,26.212167739868164,5888717,29.2851237487793,29.16983426094055,-0.0014204681427646415
2021-06-27,29.049585342407227,29.049585342407227,29.049585342407227,29.049585342407227,26.212167739868164,0,29.276859283447266,29.166528472900392,0.0
2021-06-28,29.049585342407227,29.049585342407227,28.966941833496097,29.008264541625977,26.174880981445312,6209565,29.271074180603026,29.162602853775024,-0.001422423084329827
2021-06-29,29.008264541625977,29.173553466796875,28.92561912536621,29.173553466796875,26.32402610778809,8813051,29.266115493774414,29.159090452194214,0.005697994271036677
2021-06-30,29.09090805053711,29.132230758666992,28.92561912536621,29.008264541625977,26.174880981445312,15897528,29.25785102844238,29.154338388442994,-0.005665711081751401
2021-07-01,29.008264541625977,29.008264541625977,28.92561912536621,28.92561912536621,26.100311279296875,5993373,29.248760108947753,29.147520208358763,-0.0028490300114704104
2021-07-04,28.92561912536621,29.049585342407227,28.92561912536621,28.966941833496097,26.137596130371097,9168951,29.240495643615724,29.139668970108033,0.0014285850875235262
2021-07-05,28.92561912536621,28.966941833496097,28.84297561645508,28.884296417236328,26.06302261352539,5891538,29.230578269958496,29.131404504776,-0.002853094287095237
2021-07-06,28.884296417236328,28.92561912536621,28.801652908325195,28.884296417236328,26.06302261352539,4756096,29.22314022064209,29.12437971115112,0.0
2021-07-07,28.84297561645508,28.92561912536621,28.760330200195312,28.884296417236328,26.06302261352539,7154588,29.215702171325685,29.117148303985594,0.0
2021-07-08,28.801652908325195,28.884296417236328,28.760330200195312,28.801652908325195,25.988452911376953,5872244,29.20743770599365,29.109916906356812,-0.002861191691060805
2021-07-11,28.801652908325195,28.84297561645508,28.595041275024418,28.595041275024418,25.802019119262695,5070036,29.194214553833007,29.10185905456543,-0.007173603333059275
2021-07-12,28.595041275024418,28.71900749206543,28.429752349853516,28.55371856689453,25.764732360839844,6005225,29.180164947509766,29.0950408744812,-0.0014451004890130292
2021-07-13,28.595041275024418,28.84297561645508,28.55371856689453,28.71900749206543,25.913881301879883,5096357,29.162809562683105,29.09028881072998,0.005788700507909805
2021-07-14,28.677684783935547,28.92561912536621,28.677684783935547,28.92561912536621,26.100311279296875,5053520,29.156197967529298,29.08718963623047,0.007194246993315057
2021-07-15,28.84297561645508,28.92561912536621,28.760330200195312,28.84297561645508,26.025739669799805,5757930,29.14710708618164,29.086363191604615,-0.002857104235278296
2021-07-25,28.84297561645508,28.92561912536621,28.760330200195312,28.84297561645508,26.025739669799805,7554411,29.13884262084961,29.082437572479247,0.0
2021-07-26,28.84297561645508,28.884296417236328,28.71900749206543,28.71900749206543,25.913881301879883,3208831,29.12396659851074,29.077892112731934,-0.0042980351971357855
2021-07-27,28.71900749206543,28.760330200195312,28.677684783935547,28.677684783935547,25.87659072875977,4955789,29.108264122009277,29.07334665298462,-0.0014388626814940686
2021-07-28,28.677684783935547,28.84297561645508,28.677684783935547,28.84297561645508,26.025739669799805,3776510,29.095867462158203,29.068801202774047,0.0057637439620692454
2021-07-29,28.801652908325195,28.84297561645508,28.677684783935547,28.801652908325195,25.988452911376953,6882856,29.081817893981935,29.064255752563476,-0.0014326783990453729
2021-08-01,28.760330200195312,28.84297561645508,28.71900749206543,28.760330200195312,25.951162338256836,4458624,29.065288963317872,29.059503688812256,-0.001434733911328312
2021-08-02,28.71900749206543,29.008264541625977,28.71900749206543,28.884296417236328,26.06302261352539,10849567,29.055371589660645,29.055578069686888,0.004310319672205187
2021-08-03,28.884296417236328,29.008264541625977,28.801652908325195,29.008264541625977,26.174880981445312,7030254,29.04793357849121,29.05268550872803,0.00429188658774704
2021-08-04,28.92561912536621,29.008264541625977,28.84297561645508,28.884296417236328,26.06302261352539,5184431,29.039669113159178,29.049173107147215,-0.004273545017205671
2021-08-05,28.884296417236328,29.008264541625977,28.801652908325195,28.966941833496097,26.137596130371097,4794748,29.033057556152343,29.045867319107057,0.0028612577251647675
2021-08-08,28.92561912536621,29.132230758666992,28.884296417236328,29.049585342407227,26.212167739868164,8948931,29.02809886932373,29.04380120277405,0.002853028441392569
2021-08-09,29.008264541625977,29.09090805053711,28.966941833496097,29.049585342407227,26.212167739868164,5798820,29.02479305267334,29.042354917526247,0.0
2021-08-10,29.008264541625977,29.09090805053711,28.966941833496097,29.049585342407227,26.212167739868164,5015629,29.02066078186035,29.041735076904295,0.0
2021-08-11,29.049585342407227,29.132230758666992,29.008264541625977,29.132230758666992,26.286741256713867,7506576,29.019834327697755,29.041528463363647,0.002844977485414235
2021-08-12,29.132230758666992,29.132230758666992,29.049585342407227,29.09090805053711,26.249454498291016,5257964,29.019007873535156,29.04442102432251,-0.001418453275075393
2021-08-15,29.049585342407227,29.25619888305664,29.049585342407227,29.21487617492676,26.36131477355957,8176726,29.019834327697755,29.04958631515503,0.0042614044282940355
2021-08-16,29.008264541625977,29.008264541625977,28.884296417236328,28.92561912536621,26.36266708374023,8307391,29.01487564086914,29.051652431488037,-0.009901019187231741
2021-08-17,28.92561912536621,29.132230758666992,28.884296417236328,29.132230758666992,26.55097198486328,11526296,29.01239627838135,29.0559912776947,0.007142859497848875
2021-08-18,29.049585342407227,29.132230758666992,28.966941833496097,28.966941833496097,26.40032958984375,4873262,29.006611137390138,29.06156979560852,-0.0056737476281908394
2021-08-19,28.966941833496097,29.049585342407227,28.760330200195312,28.884296417236328,26.325008392333984,5474513,28.999999542236328,29.067148303985597,-0.002853094287095237
2021-08-22,28.884296417236328,28.884296417236328,28.760330200195312,28.84297561645508,26.287349700927734,2518108,28.991735076904302,29.0700408744812,-0.00143056282847831
2021-08-23,28.84297561645508,28.884296417236328,28.51239585876465,28.51239585876465,25.986059188842773,5354764,28.976032600402835,29.070454092025756,-0.011461361063656583
2021-08-24,28.595041275024418,28.760330200195312,28.595041275024418,28.760330200195312,26.212024688720703,3018767,28.96611522674561,29.071073932647707,0.008695668461492945
2021-08-25,28.71900749206543,28.801652908325195,28.677684783935547,28.760330200195312,26.212024688720703,2473867,28.956197853088383,29.07190037727356,0.0
2021-08-26,28.760330200195312,28.801652908325195,28.677684783935547,28.801652908325195,26.249683380126953,1922157,28.947106933593755,29.07190037727356,0.0014367953303124903
2021-08-29,28.71900749206543,28.884296417236328,28.71900749206543,28.84297561645508,26.287349700927734,2095070,28.938842468261722,29.069421043395995,0.001434733911328534
2021-08-30,28.84297561645508,28.966941833496097,28.71900749206543,28.966941833496097,26.40032958984375,5638995,28.93471023559571,29.068181371688844,0.004297969068430385
2021-08-31,28.84297561645508,29.049585342407227,28.84297561645508,29.049585342407227,26.475650787353516,9071864,28.932230873107915,29.06673508644104,0.002853028441392569
2021-09-01,28.966941833496097,29.008264541625977,28.92561912536621,28.92561912536621,26.36266708374023,3579522,28.9272721862793,29.065702028274536,-0.004267400569743951
2021-09-02,28.92561912536621,29.008264541625977,28.884296417236328,29.008264541625977,26.437990188598633,2718036,28.92479286193848,29.064875583648682,0.0028571701750470524
2021-09-05,28.92561912536621,29.049585342407227,28.92561912536621,29.008264541625977,26.437990188598633,3539627,28.921487083435064,29.063635911941528,0.0
2021-09-06,28.966941833496097,29.008264541625977,28.92561912536621,29.008264541625977,26.437990188598633,3564553,28.918181304931647,29.06198302268982,0.0
2021-09-07,28.92561912536621,29.008264541625977,28.92561912536621,29.008264541625977,26.437990188598633,2017864,28.914875526428226,29.06033013343811,0.0
2021-09-08,28.966941833496097,29.008264541625977,28.92561912536621,29.008264541625977,26.437990188598633,4953328,28.913222656250003,29.059090461730957,0.0
2021-09-09,28.92561912536621,28.966941833496097,28.884296417236328,28.884296417236328,26.325008392333984,4806624,28.909916877746586,29.057644176483155,-0.004273545017205671
2021-09-12,28.92561912536621,28.966941833496097,28.884296417236328,28.884296417236328,26.325008392333984,2743708,28.906611099243168,29.0553714466095,0.0
2021-09-13,28.884296417236328,28.966941833496097,28.84297561645508,28.966941833496097,26.40032958984375,4588063,28.905784645080573,29.052685499191284,0.0028612577251647675
2021-09-14,28.884296417236328,28.966941833496097,28.884296417236328,28.884296417236328,26.325008392333984,4993304,28.89999950408936,29.049586324691774,-0.002853094287095237
2021-09-15,28.92561912536621,29.049585342407227,28.92561912536621,29.049585342407227,26.475650787353516,9275156,28.900825920104985,29.04648715019226,0.005722449416225572
2021-09-16,29.049585342407227,29.132230758666992,28.966941833496097,29.049585342407227,26.475650787353516,12930258,28.903305244445804,29.044007806777955,0.0
2021-09-19,29.008264541625977,29.049585342407227,28.84297561645508,28.92561912536621,26.36266708374023,8907581,28.902478790283208,29.03987557411194,-0.004267400569743951
2021-09-20,28.884296417236328,28.92561912536621,28.84297561645508,28.92561912536621,26.36266708374023,5361184,28.903305244445804,29.035949954986574,0.0
2021-09-21,28.84297561645508,28.92561912536621,28.84297561645508,28.84297561645508,26.287349700927734,5476276,28.90247882843018,29.0318177318573,-0.002857104235278296
2021-09-22,28.84297561645508,28.92561912536621,28.84297561645508,28.884296417236328,26.325008392333984,2945319,28.90247882843018,29.02809871673584,0.0014326122703398614
2021-09-26,28.92561912536621,29.049585342407227,28.884296417236328,29.008264541625977,26.437990188598633,9635319,28.906611061096196,29.025619382858277,0.00429188658774704
2021-09-27,29.008264541625977,29.09090805053711,28.966941833496097,29.008264541625977,26.437990188598633,7503121,28.914875526428226,29.023346662521362,0.0
2021-09-28,29.049585342407227,30.20661163330078,28.966941833496097,30.041322708129883,27.379514694213867,38123894,28.944627609252933,29.026445837020873,0.03561254638385902
2021-09-29,29.83470916748047,30.123966217041016,29.58677673339844,29.752065658569336,27.115886688232425,16498002,28.965288772583012,29.02789212226868,-0.009628638937468237
2021-09-30,29.710742950439453,29.83470916748047,29.504131317138672,29.752065658569336,27.115886688232425,10448261,28.981817703247074,29.029958238601683,0.0
2021-10-03,29.66942024230957,29.79338836669922,29.62809944152832,29.79338836669922,27.153547286987305,5459140,29.00082595825196,29.032644186019898,0.0013889021557056402
2021-10-04,29.752065658569336,30.330577850341797,29.66942024230957,30.082643508911133,27.417173385620117,15911658,29.02561931610108,29.03677640914917,0.009708702435981431
2021-10-05,30.1652889251709,30.74380111694336,30.123966217041016,30.619834899902344,27.906766891479492,24454485,29.06363586425782,29.043387985229494,0.017857187013238462
2021-10-06,30.619834899902344,31.404958724975582,30.619834899902344,30.826446533203125,28.095073699951172,36482899,29.106611099243167,29.05041277885437,0.006747640344116901
2021-10-07,30.867767333984375,31.15702438354492,30.57851219177246,30.702478408813477,27.982091903686523,8726219,29.143801155090337,29.05847063064575,-0.004021486039791244
2021-10-10,30.78512382507324,30.867767333984375,30.28925514221191,30.537189483642575,27.831445693969727,7603692,29.178511886596684,29.065702037811278,-0.005383569462048876
2021-10-11,30.537189483642575,30.537189483642575,30.537189483642575,30.537189483642575,27.831445693969727,0,29.21404907226563,29.074586334228517,0.0
2021-10-12,30.57851219177246,30.95041275024414,30.454544067382812,30.74380111694336,28.019750595092773,12257349,29.25123916625977,29.0836772441864,0.006765902062187301
2021-10-13,30.702478408813477,30.74380111694336,30.537189483642575,30.57851219177246,27.86910820007324,5614566,29.2826441192627,29.09235492706299,-0.0053763334124551365
2021-10-14,30.57851219177246,30.867767333984375,30.537189483642575,30.826446533203125,28.095073699951172,8139997,29.321487121582035,29.10185906410217,0.008108123111933985
2021-10-17,30.78512382507324,31.033056259155273,30.74380111694336,30.909090042114254,28.170394897460938,9458962,29.3603300857544,29.111569805145265,0.0026809288194185044
2021-10-18,30.909090042114254,30.909090042114254,30.78512382507324,30.909090042114254,28.170394897460938,5025859,29.39752017974854,29.121073932647704,0.0
2021-10-19,30.909090042114254,31.07438087463379,30.826446533203125,30.95041275024414,28.208051681518555,6158680,29.435536727905276,29.130784673690798,0.0013369111828780422
2021-10-20,30.867767333984375,30.95041275024414,30.661157608032227,30.78512382507324,28.057411193847656,6344638,29.470247497558592,29.13987558364868,-0.005340443324769462
2021-10-21,30.826446533203125,31.07438087463379,30.78512382507324,30.95041275024414,28.208051681518555,7918069,29.506611137390138,29.14999955177307,0.00536911678868357
2021-10-24,30.95041275024414,31.033056259155273,30.909090042114254,30.909090042114254,28.170394897460938,6353941,29.54297477722168,29.160536737442015,-0.0013351262376802842
2021-10-25,30.826446533203125,30.991735458374023,30.826446533203125,30.95041275024414,28.208051681518555,8926540,29.577685508728027,29.17128053665161,0.0013369111828780422
2021-10-26,30.909090042114254,30.991735458374023,30.826446533203125,30.909090042114254,28.170394897460938,9525993,29.617354927062987,29.181817722320556,-0.0013351262376802842
2021-10-27,30.867767333984375,31.404958724975582,30.867767333984375,31.15702438354492,28.396360397338867,14718003,29.657850799560546,29.193801193237306,0.008021405388927594
2021-10-28,31.07438087463379,31.239669799804688,30.95041275024414,31.198347091674805,28.43402099609375,10090928,29.70247890472412,29.205578050613404,0.0013262726125962132
2021-10-31,31.32231330871582,31.652891159057617,31.239669799804688,31.32231330871582,28.547006607055664,10994823,29.751239242553712,29.21756152153015,0.003973486693918282
2021-11-01,31.32231330871582,31.404958724975582,31.198347091674805,31.198347091674805,28.43402099609375,6283290,29.798346672058102,29.22809871673584,-0.003957760584896497
2021-11-02,31.198347091674805,31.32231330871582,31.11570167541504,31.32231330871582,28.547006607055664,6159783,29.854545021057124,29.239462356567383,0.003973486693918282
2021-11-03,31.280990600585938,31.280990600585938,31.033056259155273,31.07438087463379,28.32103729248047,3852292,29.900826034545894,29.249586334228514,-0.007915521169793105
2021-11-04,31.033056259155273,31.280990600585938,30.991735458374023,31.280990600585938,28.509342193603516,4071986,29.951239242553708,29.261363191604616,0.00664887666742886
2021-11-07,31.07438087463379,31.11570167541504,30.991735458374023,31.07438087463379,28.586740493774418,3131054,29.99669380187988,29.272933444976807,-0.006604961095710293
2021-11-08,31.033056259155273,31.11570167541504,30.95041275024414,30.991735458374023,28.510713577270508,6268244,30.039668998718255,29.283470640182497,-0.0026595997710522346
2021-11-09,30.991735458374023,30.991735458374023,30.78512382507324,30.826446533203125,28.358657836914062,4215950,30.076859092712397,29.293387994766235,-0.005333322665744378
2021-11-10,30.826446533203125,31.033056259155273,30.702478408813477,30.909090042114254,28.434680938720703,3343692,30.114049186706538,29.30413179397583,0.0026809288194185044
2021-11-11,30.867767333984375,31.033056259155273,30.826446533203125,31.033056259155273,28.548725128173828,2830548,30.15619792938232,29.31549542427063,0.004010671840293911
2021-11-14,30.991735458374023,31.033056259155273,30.909090042114254,30.95041275024414,28.472694396972656,1978294,30.195040893554683,29.325826005935667,-0.0026630799177812525
2021-11-15,30.867767333984375,30.95041275024414,30.78512382507324,30.78512382507324,28.32063865661621,3097391,30.23057807922363,29.33615658760071,-0.005340443324769462
2021-11-16,30.74380111694336,30.826446533203125,30.57851219177246,30.702478408813477,28.24460792541504,4444101,30.26446235656738,29.346280555725098,-0.00268458937275573
2021-11-17,30.57851219177246,30.661157608032227,30.537189483642575,30.619834899902344,28.168581008911133,2940549,30.296693763732904,29.355578079223633,-0.00269175366922203
2021-11-18,30.619834899902344,30.619834899902344,30.619834899902344,30.619834899902344,28.168581008911133,0,30.328925170898433,29.365082216262817,0.0
2021-11-21,30.24793243408203,30.24793243408203,29.752065658569336,29.83470916748047,27.446308135986328,5652116,30.347933425903317,29.37107395172119,-0.025641083140666376
2021-11-22,29.752065658569336,29.876033782958984,29.09090805053711,29.29751968383789,26.95212745666504,6971047,30.356197891235347,29.376445846557615,-0.018005521040175165
2021-11-23,29.21487617492676,30.0,29.049585342407227,29.58677673339844,27.21822738647461,7143115,30.368594589233393,29.38305742263794,0.009873090032263665
2021-11-24,29.958677291870117,29.958677291870117,29.752065658569336,29.752065658569336,27.370281219482425,3264997,30.385949974060054,29.39132188796997,0.005586581014224157
2021-11-25,29.79338836669922,30.0,29.42148780822754,29.42148780822754,27.06616973876953,4649164,30.39338802337646,29.3981400680542,-0.011111089029429477
2021-11-28,28.92561912536621,28.92561912536621,28.71900749206543,28.84297561645508,26.53396987915039,8476725,30.38925582885742,29.40144585609436,-0.01966291424632438
2021-11-29,28.884296417236328,29.049585342407227,28.84297561645508,28.84297561645508,26.53396987915039,7024624,30.387602958679196,29.403925199508667,0.0
2021-11-30,28.84297561645508,28.884296417236328,28.636362075805664,28.636362075805664,26.343896865844727,13296369,30.381817817687985,29.404545030593873,-0.007163391995226198
2021-12-01,28.71900749206543,28.92561912536621,28.677684783935547,28.92561912536621,26.609994888305664,5295406,30.383470687866208,29.40681776046753,0.010101040376386816
2021-12-02,28.884296417236328,28.966941833496097,28.71900749206543,28.884296417236328,26.571985244750977,6405455,30.383470687866208,29.408470649719238,-0.0014285850875235262
2021-12-05,28.92561912536621,29.173553466796875,28.92561912536621,29.09090805053711,26.762054443359375,4156491,30.38512355804443,29.411156597137452,0.007153078278807845
2021-12-06,29.132230758666992,29.21487617492676,28.92561912536621,28.92561912536621,26.609994888305664,5570424,30.383470649719232,29.412602882385254,-0.005681807005946893
2021-12-07,29.173553466796875,29.173553466796875,28.966941833496097,28.966941833496097,26.64801025390625,4281524,30.361983032226558,29.41342932701111,0.0014285850875235262
2021-12-08,28.966941833496097,29.132230758666992,28.92561912536621,28.966941833496097,26.64801025390625,5985019,30.346280555725098,29.414668998718263,0.0
2021-12-09,29.008264541625977,29.049585342407227,28.636362075805664,28.71900749206543,26.419925689697266,12412425,30.32561939239502,29.414668998718263,-0.008559217015583154
2021-12-12,28.760330200195312,28.801652908325195,28.55371856689453,28.760330200195312,26.45793914794922,4878659,30.30495822906494,29.41487561225891,0.0014388626814940686
2021-12-13,28.760330200195312,28.92561912536621,28.71900749206543,28.801652908325195,26.495954513549805,5796210,30.27933841705322,29.415908670425416,0.0014367953303124903
2021-12-14,28.801652908325195,28.92561912536621,28.71900749206543,28.92561912536621,26.609994888305664,3597979,30.2454541015625,29.417148342132567,0.004304135510402762
2021-12-15,28.884296417236328,29.049585342407227,28.801652908325195,29.049585342407227,26.72403907775879,4722478,30.209916877746583,29.419627676010133,0.004285689322801822
2021-12-16,28.966941833496097,29.173553466796875,28.966941833496097,29.132230758666992,26.800067901611328,9738104,30.178511924743653,29.422520236968992,0.002844977485414235
2021-12-19,29.049585342407227,29.09090805053711,28.92561912536621,28.966941833496097,26.64801025390625,2941634,30.147106971740723,29.4249995803833,-0.0056737476281908394
2021-12-20,28.966941833496097,29.132230758666992,28.84297561645508,29.132230758666992,26.800067901611328,5115121,30.11900779724121,29.42809875488281,0.005706122728487806
2021-12-21,29.09090805053711,29.29751968383789,29.008264541625977,29.29751968383789,26.95212745666504,5250219,30.0900821685791,29.432230987548827,0.0056737476281909505
2021-12-22,29.25619888305664,29.46280860900879,29.21487617492676,29.25619888305664,26.914112091064453,3634583,30.063635902404783,29.43367727279663,-0.0014103856308370633
2021-12-23,29.21487617492676,29.504131317138672,29.21487617492676,29.504131317138672,27.14219665527344,3337136,30.037189598083497,29.435743389129637,0.008474526546427663
2021-12-26,29.42148780822754,29.504131317138672,29.338842391967773,29.338842391967773,26.990137100219727,1592794,30.005784645080567,29.434503717422487,-0.005602229850261153
2021-12-27,29.338842391967773,29.338842391967773,29.21487617492676,29.25619888305664,26.914112091064453,2537683,29.972726821899414,29.43243761062622,-0.0028168633174756597
2021-12-28,29.338842391967773,29.42148780822754,29.29751968383789,29.42148780822754,27.06616973876953,3320027,29.942148323059083,29.431611166000366,0.005649706095846252
2021-12-29,29.338842391967773,29.380165100097656,29.049585342407227,29.09090805053711,26.762054443359375,3158360,29.90826400756836,29.429131822586058,-0.011235997303915557
2021-12-30,29.09090805053711,29.58677673339844,29.049585342407227,29.58677673339844,27.21822738647461,8078821,29.880991287231446,29.428718605041503,0.01704548658295235
2022-01-02,29.545454025268555,29.545454025268555,29.380165100097656,29.380165100097656,27.02815818786621,2644521,29.850412788391118,29.427685546875,-0.00698324238434378
2022-01-03,29.338842391967773,29.58677673339844,29.338842391967773,29.46280860900879,27.10418128967285,3409916,29.82066070556641,29.42747893333435,0.002812901446590521
2022-01-04,29.42148780822754,29.504131317138672,29.380165100097656,29.42148780822754,27.06616973876953,2423144,29.790908660888675,29.427065715789794,-0.0014024732444759547
2022-01-05,29.380165100097656,29.58677673339844,29.380165100097656,29.545454025268555,27.180212020874023,2979819,29.75867725372315,29.4280987739563,0.004213458471204579
2022-01-06,29.42148780822754,29.46280860900879,29.29751968383789,29.29751968383789,26.95212745666504,3839851,29.72066070556641,29.429131832122803,-0.008391624011552468
2022-01-09,29.338842391967773,29.504131317138672,29.338842391967773,29.504131317138672,27.14219665527344,4151697,29.684297065734867,29.43037149429321,0.007052188565121353
2022-01-10,29.504131317138672,29.545454025268555,29.42148780822754,29.46280860900879,27.10418128967285,3014500,29.649586296081548,29.43078471183777,-0.0014005736242733713
2022-01-11,29.42148780822754,29.752065658569336,29.380165100097656,29.752065658569336,27.370281219482425,5862003,29.618181343078618,29.434503717422487,0.009817701136343837
2022-01-12,29.752065658569336,30.041322708129883,29.66942024230957,30.041322708129883,27.636384963989254,9992188,29.59752017974854,29.44049545288086,0.00972225098183177
2022-01-13,30.041322708129883,30.37190055847168,30.041322708129883,30.330577850341797,27.902482986450195,8836108,29.57851192474366,29.44834669113159,0.009628575446634313
2022-01-16,30.330577850341797,30.661157608032227,30.330577850341797,30.37190055847168,27.94049644470215,4540152,29.564462318420414,29.457024383544923,0.001362410842740136
2022-01-17,30.41322326660156,30.57851219177246,30.24793243408203,30.495866775512695,28.054540634155273,5543157,29.554544944763187,29.46425579071045,0.004081608814777926
2022-01-18,30.495866775512695,30.57851219177246,30.37190055847168,30.41322326660156,27.978511810302734,3446885,29.546280479431157,29.471487197875977,-0.00270999048885856
2022-01-19,30.37190055847168,30.454544067382812,30.28925514221191,30.330577850341797,27.902482986450195,2374174,29.534710235595707,29.47437975883484,-0.0027174172081431136
2022-01-20,30.330577850341797,30.454544067382812,30.20661163330078,30.454544067382812,28.016525268554688,2843756,29.52313999176026,29.480164880752564,0.004087169642883026
2022-01-23,30.37190055847168,30.37190055847168,30.082643508911133,30.1652889251709,27.75042724609375,2237392,29.507437515258793,29.48409049987793,-0.009497930475396932
2022-01-24,30.1652889251709,30.20661163330078,29.91735458374023,30.0,27.598369598388672,3231124,29.49173503875733,29.486983060836792,-0.005479441141138075
2022-01-25,29.958677291870117,30.24793243408203,29.83470916748047,30.24793243408203,27.826454162597656,2728437,29.4826441192627,29.49173512458801,0.008264414469401071
2022-01-26,30.1652889251709,30.495866775512695,30.1652889251709,30.495866775512695,28.054540634155273,3605337,29.480164756774908,29.497726860046388,0.008196736817333683
2022-01-27,30.495866775512695,30.495866775512695,30.495866775512695,30.495866775512695,28.054540634155273,0,29.477685394287114,29.503098754882814,0.0
2022-01-30,30.495866775512695,30.867767333984375,30.495866775512695,30.702478408813477,28.24460792541504,5011571,29.495040779113776,29.50950370788574,0.006775070038890885
2022-01-31,30.702478408813477,30.991735458374023,30.702478408813477,30.867767333984375,28.396665573120117,7035574,29.526445732116702,29.51652850151062,0.005383569462048765
2022-02-01,30.95041275024414,30.991735458374023,30.661157608032227,30.78512382507324,28.32063865661621,4688510,29.550412673950195,29.523966522216796,-0.0026773400232334987
2022-02-02,30.826446533203125,30.991735458374023,30.28925514221191,30.37190055847168,27.94049644470215,6386366,29.56280937194824,29.52871858596802,-0.013422822950122648
2022-02-03,30.454544067382812,30.57851219177246,30.330577850341797,30.495866775512695,28.054540634155273,2341339,29.584296951293947,29.534090480804444,0.004081608814777926
2022-02-06,30.1652889251709,30.454544067382812,30.1652889251709,30.41322326660156,27.978511810302734,3721232,29.615701904296873,29.539255771636963,-0.00270999048885856
2022-02-07,30.41322326660156,30.619834899902344,30.24793243408203,30.619834899902344,28.168581008911133,4843454,29.65123908996582,29.545454120635988,0.006793480305906208
2022-02-08,30.619834899902344,31.033056259155273,30.619834899902344,30.78512382507324,28.32063865661621,6335674,29.694214324951172,29.552478914260863,0.005398099817037982
2022-02-09,30.78512382507324,30.78512382507324,30.537189483642575,30.702478408813477,28.24460792541504,2928391,29.72975151062012,29.55971031188965,-0.00268458937275573
2022-02-10,30.57851219177246,30.909090042114254,30.537189483642575,30.826446533203125,28.358657836914062,4019989,29.768594512939455,29.567561550140383,0.004037723689240158
2022-02-13,30.867767333984375,30.991735458374023,30.495866775512695,30.619834899902344,28.168581008911133,7390719,29.799173049926758,29.574586343765258,-0.006702414859209971
2022-02-14,30.619834899902344,30.826446533203125,30.495866775512695,30.826446533203125,28.358657836914062,5031474,29.837189598083498,29.58243758201599,0.006747640344116901
2022-02-15,30.74380111694336,30.991735458374023,30.74380111694336,30.826446533203125,28.358657836914062,6960615,29.874379692077635,29.590288820266725,0.0
2022-02-16,30.826446533203125,31.198347091674805,30.74380111694336,31.198347091674805,28.700782775878903,10062856,29.91900779724121,29.598346672058106,0.01206433437182275
2022-02-17,31.198347091674805,31.32231330871582,30.991735458374023,31.198347091674805,28.700782775878903,11625549,29.968594589233398,29.608057413101196,0.0
2022-02-20,31.11570167541504,31.32231330871582,31.07438087463379,31.15702438354492,28.66276741027832,6330190,30.01652847290039,29.61735493659973,-0.0013245159433754594
2022-02-21,31.15702438354492,33.223140716552734,31.15702438354492,32.43801498413086,29.84121322631836,48049145,30.089255714416502,29.633264017105102,0.041114022469439515
2022-02-23,32.43801498413086,33.55371856689453,32.23140335083008,33.51239776611328,30.82958221435547,34867798,30.180991287231446,29.653511962890626,0.03312110135308921
2022-02-24,33.34710693359375,34.917354583740234,32.85123825073242,34.173553466796875,31.437807083129883,55009065,30.283470649719238,29.677065687179564,0.01972868982093945
2022-02-27,34.173553466796875,34.6694221496582,33.34710693359375,33.84297561645508,31.13369369506836,29876642,30.377685546875,29.698966522216796,-0.009673499440524647
2022-02-28,33.88429641723633,34.33884048461914,33.67768478393555,34.33884048461914,31.589866638183594,29778557,30.485123519897456,29.7231400680542,0.014651928771977296
2022-03-01,34.29751968383789,34.50413131713867,34.132232666015625,34.25619888305664,31.513839721679688,15057987,30.587602882385248,29.74648717880249,-0.0024066509059768038
2022-03-02,34.380165100097656,35.661155700683594,34.380165100097656,35.57851028442383,32.730289459228516,47862502,30.71322269439697,29.77747890472412,0.038600645853361426
2022-03-03,35.95041275024414,37.19008255004883,35.909088134765625,36.611568450927734,33.6806526184082,38247268,30.86033008575439,29.813635921478273,0.029036015230693213
2022-03-06,37.19008255004883,37.31404876708984,36.6942138671875,36.85950469970703,33.90873718261719,29569318,31.007437553405758,29.851445846557617,0.006772073944649959
2022-03-07,37.60330581665039,38.01652908325195,36.94214630126953,37.0247917175293,34.060794830322266,36091703,31.161156539916988,29.890082206726074,0.004484244136454096
2022-03-08,37.19008255004883,37.355369567871094,35.78512191772461,36.85950469970703,33.90873718261719,29356481,31.313222656249994,29.92789213180542,-0.004464225459613114
2022-03-09,37.10743713378906,37.14876174926758,35.78512191772461,35.78512191772461,32.92036819458008,16874180,31.440495338439938,29.96074336051941,-0.029148052605030284
2022-03-10,35.20661163330078,35.41322326660156,33.6363639831543,33.966941833496094,31.247739791870117,45446981,31.538016014099117,29.984297075271606,-0.050808268542686164
2022-03-13,33.966941833496094,34.421485900878906,32.97520446777344,33.01652908325195,30.373411178588867,24656964,31.60661106109619,30.003511953353883,-0.02798052161725384
2022-03-14,32.89256286621094,33.429752349853516,32.479339599609375,32.479339599609375,29.87922477722168,29155972,31.66859455108642,30.020247497558593,-0.016270319702232805
2022-03-15,32.06611633300781,32.39669418334961,31.818180084228516,32.0247917175293,29.4610652923584,14738124,31.71983421325683,30.034503688812254,-0.013994985356338474
2022-03-16,32.23140335083008,33.88429641723633,32.10743713378906,33.88429641723633,31.171716690063477,23529578,31.809090385437006,30.058057403564455,0.05806453687844604
2022-03-17,33.76033020019531,34.58677673339844,33.223140716552734,34.58677673339844,31.817956924438477,27495657,31.909916839599603,30.084710292816162,0.020731736835024606
2022-03-20,35.123966217041016,36.28099060058594,35.082645416259766,35.74380111694336,32.88235092163086,27731094,32.03884246826171,30.117148303985594,0.03345279591861039
2022-03-21,36.11570358276367,36.11570358276367,35.28925704956055,35.49586868286133,32.654266357421875,19634980,32.15867721557617,30.14855326652527,-0.006936375716473653
2022-03-22,35.70248031616211,35.70248031616211,35.16529083251953,35.619834899902344,32.768310546875,11194097,32.281817741394036,30.1803714466095,0.0034924125437976183
2022-03-23,35.41322326660156,35.41322326660156,34.6694221496582,35.20661163330078,32.38816833496094,11625262,32.39090866088867,30.20991690635681,-0.011600931552961713
2022-03-24,35.3305778503418,35.619834899902344,35.123966217041016,35.20661163330078,32.38816833496094,7901457,32.49421443939209,30.23966897010803,0.0
2022-03-27,35.0,35.123966217041016,34.33884048461914,34.58677673339844,31.817956924438477,12627460,32.579338417053215,30.266321859359742,-0.017605639144099294
2022-03-28,34.54545211791992,34.83470916748047,34.33884048461914,34.75206756591797,31.97001075744629,8079047,32.666941757202146,30.29380120277405,0.004779018114166034
2022-03-29,34.6694221496582,34.71074295043945,34.50413131713867,34.62809753417969,31.855968475341797,5271077,32.74958637237548,30.320660696029663,-0.0035672706811799015
2022-03-30,34.62809753417969,34.71074295043945,34.09090805053711,34.46281051635742,31.703914642333984,5099495,32.8305781173706,30.347106981277467,-0.004773205275257153
2022-03-31,34.46281051635742,35.619834899902344,34.132232666015625,35.619834899902344,32.768310546875,14251226,32.93636325836181,30.379338388442992,0.03357312901093046
2022-04-03,35.41322326660156,35.619834899902344,35.123966217041016,35.45454406738281,32.61625671386719,7373116,33.03636325836181,30.410743341445922,-0.004640415459084113
2022-04-04,35.45454406738281,35.45454406738281,35.45454406738281,35.45454406738281,32.61625671386719,0,33.14214836120605,30.4423549079895,0.0
2022-04-05,35.619834899902344,35.661155700683594,35.37189865112305,35.53718948364258,32.69227981567383,5635854,33.2528921508789,30.47417308807373,0.002331024652374447
2022-04-06,35.53718948364258,35.619834899902344,35.37189865112305,35.53718948364258,32.69227981567383,7276769,33.358677291870116,30.50599126815796,0.0
2022-04-07,35.49586868286133,35.49586868286133,35.24793243408203,35.41322326660156,32.57823944091797,4650972,33.45702442169189,30.537189617156983,-0.003488351747626961
2022-04-10,35.45454406738281,35.53718948364258,35.3305778503418,35.37189865112305,32.540225982666016,3566496,33.554545059204095,30.568594570159913,-0.0011669261272099218
2022-04-11,35.3305778503418,35.53718948364258,35.20661163330078,35.28925704956055,32.464202880859375,5078893,33.646280632019035,30.599792928695678,-0.002336363178510825
2022-04-12,35.28925704956055,36.07437896728515,35.24793243408203,35.53718948364258,32.69227981567383,12503670,33.7396690750122,30.632230949401855,0.007025719859554691
2022-04-13,35.53718948364258,35.619834899902344,35.16529083251953,35.24793243408203,32.42618179321289,6388738,33.82892524719238,30.663429288864137,-0.008139558973668692
2022-04-14,35.24793243408203,35.53718948364258,35.04132080078125,35.53718948364258,32.69227981567383,5554319,33.9322310256958,30.695247468948363,0.008206355084840578
2022-04-17,35.45454406738281,35.45454406738281,35.28925704956055,35.3305778503418,32.50221252441406,3127790,34.02892524719238,30.726859035491945,-0.005813955360647771
2022-04-18,35.28925704956055,35.45454406738281,35.24793243408203,35.37189865112305,32.540225982666016,2439598,34.128098754882814,30.75909043312073,0.0011695478335023157
2022-04-19,35.41322326660156,35.49586868286133,35.123966217041016,35.123966217041016,32.3121452331543,6320639,34.218181381225584,30.789875555038453,-0.007009305226372442
2022-04-20,35.49586868286133,35.867767333984375,35.24793243408203,35.867767333984375,32.99639129638672,17940938,34.31983425140381,30.824792909622193,0.021176455766618085
2022-04-21,35.867767333984375,35.99173355102539,35.45454406738281,35.53718948364258,32.69227981567383,8970735,34.41652847290039,30.858057374954225,-0.009216571727579392
2022-04-24,35.45454406738281,35.53718948364258,35.3305778503418,35.53718948364258,32.69227981567383,3569825,34.51074333190918,30.891321840286256,0.0
2022-04-25,35.49586868286133,35.53718948364258,35.3305778503418,35.45454406738281,32.61625671386719,5490722,34.60743751525879,30.924586296081543,-0.00232560361302081
2022-04-26,35.53718948364258,35.867767333984375,35.45454406738281,35.826446533203125,32.95838165283203,8643264,34.70743751525879,30.960743322372437,0.01048955713867028
2022-04-27,35.826446533203125,36.94214630126953,35.74380111694336,36.65289306640625,33.71866989135742,15690322,34.82396644592285,31.001239194869996,0.02306805762712738
2022-04-28,36.98347091674805,37.10743713378906,36.735538482666016,37.10743713378906,34.1368293762207,15921136,34.942148246765136,31.043181343078615,0.012401314858264678
2022-05-08,37.0247917175293,38.09917449951172,36.94214630126953,37.89256286621094,34.859100341796875,16868487,35.07603256225586,31.088016061782838,0.021158177256789257
2022-05-09,37.89256286621094,38.223140716552734,37.76859664916992,37.97520446777344,34.935123443603516,15428569,35.21239616394043,31.13367720603943,0.002180945159457437
2022-05-10,37.97520446777344,38.18181610107422,37.39669418334961,37.97520446777344,34.935123443603516,11566972,35.32313995361328,31.17933835029602,0.0
2022-05-11,37.85123825073242,38.14049530029297,37.60330581665039,37.60330581665039,34.59299850463867,8919220,35.40495811462402,31.223759841918945,-0.00979319680658064
2022-05-12,37.60330581665039,37.60330581665039,36.28099060058594,36.94214630126953,33.98476791381836,16990323,35.46032997131348,31.265082149505616,-0.017582483800881787
2022-05-15,38.18181610107422,39.0,37.04545211791992,38.5,35.41790771484375,18045682,35.55347045898438,31.31336727142334,0.04217009174361186
2022-05-16,38.45454406738281,39.409088134765625,38.3636360168457,38.6363639831543,35.54335403442383,18335066,35.639420928955076,31.362540826797485,0.0035419216403713705
2022-05-17,38.6363639831543,38.6363639831543,36.8636360168457,37.45454406738281,34.45614242553711,18747976,35.7033878326416,31.40601189613342,-0.030588279898355997
2022-05-18,37.5,37.81818008422851,36.81818008422851,37.0,34.037986755371094,14996814,35.731817626953124,31.44659041404724,-0.012135885743664754
2022-05-19,36.409088134765625,36.59090805053711,35.909088134765625,36.1363639831543,33.243492126464844,13330533,35.72231353759766,31.482230911254884,-0.023341513968802796
2022-05-22,36.3636360168457,36.45454406738281,35.272727966308594,35.6363639831543,32.783512115478516,8822931,35.697850723266605,31.515991249084472,-0.013836477854636597
2022-05-23,35.772727966308594,35.909088134765625,35.409088134765625,35.909088134765625,33.03440856933594,7205157,35.67553665161133,31.55070198059082,0.007652973567680688
2022-05-24,35.8636360168457,36.54545211791992,35.54545211791992,36.5,33.85208511352539,12548662,35.668346557617184,31.587954053878786,0.016455774733591166
2022-05-25,36.54545211791992,37.5,36.54545211791992,37.272727966308594,34.568756103515625,8705368,35.69809867858887,31.629069766998292,0.021170629213933978
2022-05-26,37.3636360168457,37.68181610107422,36.772727966308594,37.0,34.315818786621094,8018908,35.758759841918945,31.668821840286256,-0.007317091642852547
2022-05-29,37.3636360168457,37.727272033691406,37.3636360168457,37.59090805053711,34.863861083984375,8205951,35.85024742126465,31.711115226745605,0.01597048785235433
2022-05-30,37.59090805053711,37.95454406738281,37.45454406738281,37.68181610107422,34.94816970825195,11719717,35.95429695129395,31.754069766998292,0.002418352076382302
2022-05-31,38.0,38.18181610107422,37.5,38.09090805053711,35.327579498291016,35954528,36.075619277954104,31.798449926376342,0.010856481767375081
2022-06-01,38.04545211791992,38.04545211791992,37.31818008422851,37.31818008422851,34.61091232299805,5926800,36.144296951293946,31.840412731170655,-0.020286414944043485
2022-06-02,37.272727966308594,37.272727966308594,36.54545211791992,36.54545211791992,33.894248962402344,6805777,36.183470458984374,31.87747883796692,-0.020706475089742105
2022-06-05,36.6363639831543,37.04545211791992,36.6363639831543,36.95454406738281,34.273658752441406,4625700,36.20768531799317,31.91741684913635,0.01119405906220261
2022-06-06,37.0,37.31818008422851,37.0,37.272727966308594,34.568756103515625,5437804,36.24322250366211,31.959359006881712,0.008610142729554626
2022-06-07,37.272727966308594,37.31818008422851,36.81818008422851,36.81818008422851,34.14719009399414,3739451,36.26718940734863,31.999235029220582,-0.012195186853265927
2022-06-08,36.8636360168457,37.1363639831543,36.727272033691406,36.909088134765625,34.23150634765625,2834378,36.30123893737793,32.041218490600585,0.002469107661735137
2022-06-09,36.95454406738281,37.09090805053711,36.5,36.727272033691406,34.0628776550293,5776926,36.33165214538574,32.081053199768064,-0.004926052369821687
2022-06-12,36.45454406738281,36.45454406738281,35.59090805053711,35.6363639831543,33.05110549926758,8041691,36.35264389038086,32.11543336868286,-0.029702942530999144
2022-06-13,35.45454406738281,36.0,34.818180084228516,35.818180084228516,33.219730377197266,10677861,36.37396614074707,32.15051600456238,0.005101982378453718
2022-06-14,35.818180084228516,36.0,35.09090805053711,35.5,32.92463302612305,6514281,36.391404190063476,32.183801126480105,-0.008883200751135245
2022-06-15,35.45454406738281,35.6363639831543,34.909088134765625,34.95454406738281,32.41874694824219,6336284,36.40123886108398,32.21373913764953,-0.015364955848371498
2022-06-16,34.95454406738281,35.409088134765625,34.95454406738281,35.0,32.460906982421875,9292529,36.38884216308594,32.2434912109375,0.0013004298533993985
2022-06-19,34.59090805053711,34.6363639831543,33.59090805053711,33.59090805053711,31.15403938293457,9260147,36.351569442749025,32.26681765556336,-0.04025976998465397
2022-06-20,33.54545211791992,34.0,33.227272033691406,33.54545211791992,31.111875534057617,8654467,36.313387603759764,32.28950359344483,-0.0013532213106236535
2022-06-21,33.727272033691406,34.3636360168457,33.68181610107422,34.09090805053711,31.61776351928711,6088788,36.284461975097656,32.31491681098938,0.01626020513003623
2022-06-22,34.18181610107422,34.18181610107422,33.6363639831543,33.818180084228516,31.364824295043945,4761763,36.25008178710937,32.338966388702396,-0.008000020589193357
2022-06-23,33.8636360168457,34.18181610107422,33.727272033691406,33.818180084228516,31.364824295043945,5075703,36.218180923461915,32.363015966415404,0.0
2022-06-26,34.1363639831543,34.409088134765625,34.1363639831543,34.227272033691406,31.744232177734375,3266113,36.19528839111328,32.38911100387573,0.01209680557747328
2022-06-27,34.3636360168457,34.3636360168457,34.09090805053711,34.18181610107422,31.702077865600582,3370535,36.173139572143555,32.41559860229492,-0.0013280618032439628
2022-06-28,34.227272033691406,35.318180084228516,34.227272033691406,35.318180084228516,32.756004333496094,6143678,36.16875938415527,32.44776802062988,0.033244693020233695
2022-06-29,35.272727966308594,36.0,35.0,35.6363639831543,33.05110549926758,6250515,36.17652801513672,32.481115131378175,0.009009068365554596
2022-06-30,35.6363639831543,35.6363639831543,35.227272033691406,35.272727966308594,32.71385192871094,8449684,36.17123878479004,32.51305728912354,-0.010204071801982906
2022-07-03,35.318180084228516,35.409088134765625,34.8636360168457,35.1363639831543,32.587379455566406,1763140,36.16735450744629,32.54349118232727,-0.003865989137118886
2022-07-04,35.0,35.0,34.45454406738281,34.68181610107422,32.165802001953125,3961053,36.153552856445316,32.57165233612061,-0.012936679569292009
2022-07-05,34.68181610107422,34.909088134765625,34.54545211791992,34.818180084228516,32.29227828979492,2635732,36.14743713378906,32.601115140914914,0.0039318582036445004
2022-07-06,34.5,34.59090805053711,34.272727966308594,34.5,31.997180938720703,6128310,36.12008178710938,32.628987045288085,-0.009138331855909954
2022-07-13,34.09090805053711,34.18181610107422,33.318180084228516,33.318180084228516,30.901094436645508,10024366,36.075701599121096,32.65136306762695,-0.03425564973250683
2022-07-14,33.3636360168457,33.54545211791992,32.818180084228516,32.95454406738281,30.563840866088867,4946062,36.0240486907959,32.671714305877686,-0.01091404200128665
2022-07-17,33.272727966308594,33.772727966308594,33.09090805053711,33.59090805053711,31.15403938293457,3414552,35.986775970458986,32.69462752342224,0.019310356163724007
2022-07-18,33.6363639831543,35.0,33.6363639831543,35.0,32.460906982421875,6487923,35.97024703979492,32.724586200714114,0.0419486114320855
2022-07-19,35.0,35.45454406738281,34.6363639831543,35.227272033691406,32.67169189453125,4877327,35.941734619140625,32.75051594734192,0.006493486676897309
2022-07-20,35.18181610107422,35.45454406738281,35.04545211791992,35.3636360168457,32.798160552978516,3764926,35.906858596801754,32.7785737991333,0.003870977662530306
2022-07-21,35.409088134765625,35.409088134765625,35.09090805053711,35.1363639831543,32.587379455566406,3326261,35.85173461914062,32.80549529075623,-0.006426715668692684
2022-07-24,35.0,35.272727966308594,34.772727966308594,35.18181610107422,32.62953567504883,2069603,35.79586685180664,32.8324374294281,0.001293591959080187
2022-07-25,35.0,35.3636360168457,34.95454406738281,35.09090805053711,32.54521560668945,3996118,35.73818092346191,32.85747875213623,-0.002583949909690242
2022-07-26,35.18181610107422,35.318180084228516,34.95454406738281,35.272727966308594,32.71385192871094,3051738,35.69156936645508,32.880743217468265,0.0051813967170537545
2022-07-27,35.45454406738281,36.227272033691406,35.227272033691406,36.1363639831543,33.51483154296875,8446526,35.675453720092776,32.90729280471802,0.024484525769331578
2022-07-28,36.31818008422851,36.409088134765625,36.09090805053711,36.09090805053711,33.47267532348633,12237404,35.62727188110352,32.93423495292664,-0.0012579000100391147
2022-07-31,36.09090805053711,36.409088134765625,36.09090805053711,36.1363639831543,33.51483154296875,6181844,35.57727188110351,32.96223082542419,0.0012594843153721502
2022-08-01,36.1363639831543,36.45454406738281,36.09090805053711,36.409088134765625,33.76777267456055,9908784,35.55636276245117,32.99159031867981,0.0075470833683892735
2022-08-02,36.3636360168457,36.409088134765625,35.6363639831543,36.227272033691406,33.59914779663086,7012434,35.540908203125,33.01900767326355,-0.004993701034237352
2022-08-03,36.1363639831543,36.227272033691406,35.909088134765625,36.227272033691406,33.59914779663086,3223353,35.542726364135746,33.04725147247314,0.0
2022-08-04,36.09090805053711,36.227272033691406,36.0,36.09090805053711,33.47267532348633,3226778,35.5518172454834,33.07357378005982,-0.0037641250775790613
2022-08-07,36.0,36.0,35.6363639831543,35.68181610107422,33.09326171875,2103791,35.54727180480957,33.097437410354615,-0.011335041747634889
2022-08-08,35.727272033691406,35.95454406738281,35.59090805053711,35.727272033691406,33.13542175292969,3262293,35.531817245483396,33.1215283203125,0.00127392430050155
2022-08-09,35.727272033691406,36.227272033691406,35.54545211791992,36.18181610107422,33.55699157714844,8987535,35.50999900817871,33.14768533706665,0.012722607730984103
2022-08-10,36.18181610107422,36.409088134765625,35.95454406738281,36.227272033691406,33.59914779663086,5880068,35.49454444885254,33.17489607810974,0.0012563198179496027
2022-08-11,36.272727966308594,37.09090805053711,36.272727966308594,37.09090805053711,34.40012741088867,10216671,35.48454444885254,33.20559855461121,0.023839388625301883
2022-08-14,37.09090805053711,37.3636360168457,36.6363639831543,36.772727966308594,34.10503005981445,8740202,35.466362686157225,33.23491674423218,-0.008578384864425193
2022-08-15,36.727272033691406,36.772727966308594,36.227272033691406,36.772727966308594,34.10503005981445,5539893,35.43999908447265,33.2640283203125,0.0
2022-08-16,36.68181610107422,36.68181610107422,36.18181610107422,36.18181610107422,33.55699157714844,5862157,35.41727180480957,33.2903919506073,-0.01606929640291499
2022-08-17,36.18181610107422,36.227272033691406,35.8636360168457,36.18181610107422,33.55699157714844,4423357,35.40999908447266,33.31551590919494,0.0
2022-08-18,36.1363639831543,36.272727966308594,35.909088134765625,35.909088134765625,33.30404281616211,3533927,35.38908996582031,33.3390696144104,-0.007537708045022518
2022-08-21,35.909088134765625,35.95454406738281,35.54545211791992,35.6363639831543,33.05110549926758,2568305,35.356362686157226,33.360639867782595,-0.00759485037848362
2022-08-22,35.45454406738281,35.45454406738281,35.09090805053711,35.227272033691406,32.940425872802734,4258024,35.324544525146486,33.38078449249267,-0.011479620919134015
2022-08-23,35.09090805053711,35.3636360168457,34.909088134765625,34.909088134765625,32.64289474487305,2628820,35.28454452514649,33.39871836662292,-0.009032317308631521
2022-08-24,34.95454406738281,35.727272033691406,34.909088134765625,35.59090805053711,33.28044891357422,3932121,35.2618172454834,33.42130100250244,0.0195313012227456
2022-08-25,35.818180084228516,35.818180084228516,35.5,35.772727966308594,33.45047378540039,2550359,35.26454452514648,33.44375968933105,0.005108605701020785
2022-08-28,35.54545211791992,35.772727966308594,35.1363639831543,35.18181610107422,32.897918701171875,3869448,35.2518172454834,33.464296865463254,-0.016518501630373494
2022-08-29,35.18181610107422,35.409088134765625,34.909088134765625,34.95454406738281,32.68539810180664,4855037,35.24090812683105,33.4841109085083,-0.006459928988272634
2022-08-30,35.318180084228516,35.409088134765625,34.68181610107422,34.68181610107422,32.43037796020508,8698024,35.235453567504884,33.50338775634766,-0.007802360854223922
2022-08-31,34.68181610107422,34.818180084228516,34.09090805053711,34.09090805053711,31.877830505371097,9711090,35.21727172851563,33.51929684638977,-0.017037978888274186
2022-09-01,34.09090805053711,34.18181610107422,33.5,33.727272033691406,31.537797927856445,9360063,35.21999900817871,33.53276792526245,-0.010666656819661169
2022-09-04,33.727272033691406,34.227272033691406,33.59090805053711,34.227272033691406,32.005340576171875,3123786,35.23363540649414,33.54915222167969,0.014824798148528995
2022-09-05,34.227272033691406,34.3636360168457,34.09090805053711,34.09090805053711,31.877830505371097,4554112,35.23363540649414,33.56568114280701,-0.003984073957751244
2022-09-06,34.09090805053711,34.409088134765625,33.772727966308594,33.772727966308594,31.580305099487305,6499271,35.23272636413574,33.58103239059448,-0.009333282755532357
2022-09-07,33.818180084228516,34.0,33.54545211791992,33.54545211791992,31.36778259277344,4856111,35.22727180480957,33.59566047668457,-0.006729567378015777
2022-09-08,33.59090805053711,33.68181610107422,33.227272033691406,33.227272033691406,31.070255279541016,5267568,35.20727180480957,33.608697662353514,-0.009485043847673902
2022-09-11,33.54545211791992,34.0,33.54545211791992,33.727272033691406,31.537797927856445,3830339,35.19818092346191,33.62816047668457,0.015047879931070263
2022-09-12,33.8636360168457,34.04545211791992,33.68181610107422,33.8636360168457,31.665306091308594,4500965,35.169090042114256,33.65099105834961,0.004043137049983603
2022-09-13,33.8636360168457,34.0,33.818180084228516,33.818180084228516,31.622806549072266,4480298,35.13272636413574,33.67214807510376,-0.0013423228561332268
2022-09-14,33.727272033691406,33.95454406738281,33.45454406738281,33.6363639831543,31.452791213989254,4253405,35.09999908447266,33.691569566726685,-0.005376282834303359
2022-09-15,33.68181610107422,34.18181610107422,33.18181610107422,33.18181610107422,31.027751922607425,10854219,35.06090812683105,33.71037120819092,-0.013513585544136841
2022-09-18,33.272727966308594,33.409088134765625,32.772727966308594,32.95454406738281,30.81523323059082,4282881,35.02636268615723,33.73092905044555,-0.006849294595543509
2022-09-19,32.95454406738281,33.09090805053711,32.727272033691406,32.727272033691406,30.60271644592285,4947747,34.98454452514648,33.75035053253174,-0.006896530967829495
2022-09-20,32.818180084228516,33.0,32.818180084228516,32.909088134765625,30.77273178100586,3310346,34.9527262878418,33.77171416282654,0.005555492095004055
2022-09-21,32.95454406738281,32.95454406738281,32.727272033691406,32.727272033691406,30.60271644592285,4136874,34.940908126831054,33.790722427368166,-0.0055247991171820665
2022-09-25,32.45454406738281,32.45454406738281,31.818180084228516,31.863636016845703,29.795146942138672,7394772,34.91908996582031,33.80561912536621,-0.02638887885176089
2022-09-26,31.818180084228516,31.863636016845703,30.954544067382812,30.954544067382812,28.945070266723633,11104718,34.866362686157224,33.81493730545044,-0.028530703432033677
2022-09-27,31.045454025268555,31.5,30.909090042114254,31.318180084228516,29.285099029541016,8792238,34.792726287841795,33.82690011024475,0.011747419572846196
2022-09-28,31.545454025268555,32.1363639831543,31.27272605895996,31.727272033691406,29.667634963989254,7244436,34.722726287841795,33.840701761245725,0.013062443231460552
2022-09-29,32.1363639831543,32.59090805053711,32.09090805053711,32.59090805053711,30.475202560424805,5390104,34.66727172851562,33.85882159233093,0.027220620037190724
2022-10-02,32.54545211791992,32.59090805053711,32.09090805053711,32.5,30.390201568603516,3100834,34.61454444885254,33.877726554870605,-0.0027893684458297763
2022-10-03,32.54545211791992,33.0,32.3636360168457,32.5,30.390201568603516,7254248,34.56090812683105,33.89642490386963,0.0
2022-10-04,32.5,32.5,32.5,32.5,30.390201568603516,0,34.509089965820316,33.914916639328005,0.0
2022-10-05,32.772727966308594,33.04545211791992,32.5,32.68181610107422,30.560211181640625,6495208,34.45727172851562,33.933697624206545,0.005594341571514505
2022-10-06,32.909088134765625,32.909088134765625,32.68181610107422,32.727272033691406,30.60271644592285,4513199,34.38908988952637,33.95208605766297,0.0013908631171721808
2022-10-09,32.727272033691406,32.909088134765625,32.6363639831543,32.727272033691406,30.60271644592285,3527398,34.32181716918945,33.97006126403809,0.0
2022-10-10,32.727272033691406,32.818180084228516,32.5,32.5,30.390201568603516,2795564,34.24908988952637,33.987726554870605,-0.006944423398853372
2022-10-11,32.5,32.5,32.227272033691406,32.45454406738281,30.347694396972656,3324350,34.16999900817871,34.004338121414186,-0.0013986440805288103
2022-10-12,32.45454406738281,32.5,32.227272033691406,32.45454406738281,30.347694396972656,2689887,34.09454444885254,34.02012324333191,0.0
2022-10-13,32.3636360168457,32.409088134765625,32.18181610107422,32.18181610107422,30.09267234802246,2196674,34.013635330200195,34.034751329421994,-0.008403383074565784
2022-10-16,32.09090805053711,32.18181610107422,31.545454025268555,31.818180084228516,29.752641677856445,2919621,33.92818077087402,34.046321573257444,-0.011299424982841977
2022-10-17,31.818180084228516,32.18181610107422,31.727272033691406,32.0,29.92265892028809,9779287,33.854544448852536,34.05962736129761,0.005714340521367767
2022-10-18,32.09090805053711,32.3636360168457,32.09090805053711,32.3636360168457,30.262685775756836,4683995,33.78727172851563,34.075164546966555,0.011363625526428223
2022-10-19,32.272727966308594,32.54545211791992,32.18181610107422,32.5,30.390201568603516,5044389,33.71363540649414,34.09055710792541,0.004213493906658705
2022-10-20,32.5,32.772727966308594,32.45454406738281,32.772727966308594,30.645225524902344,7209833,33.644544525146486,34.108966207504274,0.008391629732572126
2022-10-23,32.818180084228516,33.409088134765625,32.818180084228516,33.18181610107422,31.027751922607425,4821944,33.56636268615723,34.12694140434265,0.012482578050450277
2022-10-24,33.0,33.18181610107422,32.818180084228516,33.18181610107422,31.027751922607425,5637526,33.49454444885254,34.14594965934754,0.0
2022-10-25,33.18181610107422,33.227272033691406,32.3636360168457,32.5,30.390201568603516,4846945,33.40908988952637,34.16113561630249,-0.020547883786630528
2022-10-26,32.6363639831543,32.6363639831543,31.727272033691406,31.909090042114254,29.837650299072266,6900655,33.32363536834717,34.173573627471924,-0.01818184485802299
2022-10-27,31.909090042114254,32.3636360168457,31.545454025268555,31.545454025268555,29.497621536254883,15143912,33.23090812683105,34.18357362747192,-0.01139600083755965
2022-10-30,31.954544067382812,31.954544067382812,31.545454025268555,31.59090805053711,29.540122985839844,3103108,33.144544525146486,34.19504056930542,0.0014409057239164191
2022-10-31,31.818180084228516,31.818180084228516,31.409090042114254,31.727272033691406,29.667634963989254,5511944,33.06636268615723,34.20615627288819,0.004316557882291683
2022-11-01,31.818180084228516,32.0,31.409090042114254,31.68181800842285,29.625131607055664,5753594,32.99545360565185,34.21725131988526,-0.0014326483922187938
2022-11-02,31.68181800842285,31.954544067382812,31.136362075805664,31.27272605895996,29.242595672607425,12142584,32.92272636413574,34.224854621887204,-0.01291251497480761
2022-11-03,31.18181800842285,31.318180084228516,30.909090042114254,31.18181800842285,29.157590866088867,7638142,32.834544563293456,34.23055709838867,-0.0029069435893025464
2022-11-06,31.5,31.818180084228516,31.409090042114254,31.68181800842285,29.625131607055664,5991056,32.75272636413574,34.23731329917908,0.016034985511907518
2022-11-07,31.636362075805664,31.77272605895996,31.409090042114254,31.77272605895996,29.71013641357422,8498694,32.68454456329346,34.24431742668152,0.00286940763667487
2022-11-08,31.68181800842285,31.727272033691406,31.5,31.727272033691406,29.667634963989254,4600329,32.61999912261963,34.25047445297241,-0.001430598847080522
2022-11-09,31.454544067382812,31.454544067382812,31.136362075805664,31.18181800842285,29.427242279052734,3749322,32.5499991607666,34.25431742668152,-0.017191961057645755
2022-11-10,31.0,31.136362075805664,30.909090042114254,31.09090805053711,29.341447830200195,4269896,32.4899991607666,34.258119077682494,-0.0029154797151720313
2022-11-13,31.27272605895996,31.5,31.09090805053711,31.27272605895996,29.513032913208008,3371156,32.44090824127197,34.26220998764038,0.0058479478350170755
2022-11-14,31.18181800842285,31.18181800842285,30.68181800842285,30.68181800842285,28.95537567138672,12008868,32.3699991607666,34.26479263305664,-0.01889531630287178
2022-11-15,30.68181800842285,30.727272033691406,29.954544067382812,30.136362075805664,28.44061279296875,9075031,32.29090824127197,34.26547444343567,-0.017777823089474287
2022-11-16,30.136362075805664,30.636362075805664,29.77272605895996,30.636362075805664,28.9124755859375,7382536,32.22818092346191,34.267416591644285,0.016591252744518004
2022-11-17,30.727272033691406,30.818180084228516,30.454544067382812,30.636362075805664,28.9124755859375,4807159,32.16999912261963,34.26811906814575,0.0
2022-11-20,30.68181800842285,30.68181800842285,30.454544067382812,30.59090805053711,28.86958122253418,2450870,32.11727184295654,34.26859427452087,-0.0014836626214328463
2022-11-21,30.59090805053711,30.59090805053711,30.0,30.09090805053711,28.397714614868164,4234353,32.04454456329346,34.26553642272949,-0.016344725667312154
2022-11-22,30.09090805053711,30.5,29.909090042114254,30.363636016845703,28.655099868774418,3744145,31.974544563293456,34.2630157661438,0.00906346747165454
2022-11-24,30.363636016845703,30.363636016845703,30.0,30.18181800842285,28.483509063720703,3342737,31.901817321777344,34.25999923706055,-0.005988018309861842
2022-11-27,30.18181800842285,30.18181800842285,30.0,30.045454025268555,28.354820251464844,2275394,31.82999912261963,34.25836700439453,-0.004518083805165163
2022-11-28,29.863636016845703,29.909090042114254,29.27272605895996,29.27272605895996,27.625572204589844,6954732,31.751817321777345,34.252251300811764,-0.0257186316991157
2022-11-29,29.636362075805664,30.18181800842285,29.59090805053711,30.18181800842285,28.483509063720703,6473553,31.696362800598145,34.251094274520874,0.031055937449482318
2022-11-30,30.136362075805664,30.454544067382812,29.954544067382812,30.454544067382812,28.740888595581055,10117552,31.650908241271974,34.250267820358275,0.009036104415043988
2022-12-01,30.454544067382812,30.545454025268555,30.045454025268555,30.09090805053711,28.397714614868164,3923112,31.5945446395874,34.246796741485596,-0.011940287664170324
2022-12-04,30.09090805053711,30.18181800842285,29.818180084228516,30.0,28.31192398071289,3201949,31.539999198913574,34.24328434944153,-0.0030211135664112154
2022-12-05,30.0,30.045454025268555,29.363636016845703,29.363636016845703,27.711366653442383,5514584,31.489999198913573,34.23597029685974,-0.02121213277180989
2022-12-06,29.363636016845703,29.59090805053711,29.09090805053711,29.227272033691406,27.582674026489254,6623720,31.455453758239745,34.22900748252869,-0.004643974713351762
2022-12-07,29.27272605895996,29.363636016845703,28.863636016845703,28.863636016845703,27.239501953125,5974599,31.40636287689209,34.2191934299469,-0.012441668056687782
2022-12-08,29.09090805053711,29.136362075805664,28.227272033691406,28.545454025268555,26.93922233581543,9045545,31.342726516723634,34.20778846740723,-0.01102362818708802
2022-12-11,28.545454025268555,28.68181800842285,27.909090042114254,28.045454025268555,26.46735382080078,5781856,31.25181743621826,34.19202400207519,-0.017515923886073037
2022-12-12,28.045454025268555,28.136362075805664,27.27272605895996,27.5,25.95259666442871,9248818,31.151817436218263,34.173532266616824,-0.019448928328174242
2022-12-13,27.636362075805664,28.409090042114254,27.59090805053711,27.863636016845703,26.2957706451416,8453920,31.059090156555175,34.157065324783325,0.013223127885298336
2022-12-14,28.18181800842285,28.454544067382812,27.954544067382812,28.136362075805664,26.553150177001953,4911910,30.971817398071288,34.1355570602417,0.00978788478269954
2022-12-15,28.18181800842285,28.227272033691406,28.0,28.227272033691406,26.638946533203125,36534291,30.882726516723633,34.10913143157959,0.0032310487631914686
2022-12-18,28.227272033691406,28.27272605895996,28.0,28.045454025268555,26.46735382080078,3068912,30.789090156555176,34.07849093437195,-0.006441217847967695
2022-12-19,28.136362075805664,28.136362075805664,27.77272605895996,28.136362075805664,26.553150177001953,4836051,30.69727195739746,34.0499578666687,0.0032414540501002342
2022-12-20,28.136362075805664,28.18181800842285,27.727272033691406,28.18181800842285,26.596050262451172,4599450,30.61090831756592,34.01917275428772,0.0016155582763228704
2022-12-21,28.18181800842285,28.227272033691406,28.0,28.18181800842285,26.596050262451172,2568511,30.525453796386717,33.988800849914554,0.0
2022-12-22,28.18181800842285,28.363636016845703,28.136362075805664,28.27272605895996,26.681840896606445,2690249,30.441817436218262,33.95227192878723,0.003225769555035063
2022-12-25,28.363636016845703,28.59090805053711,28.27272605895996,28.545454025268555,26.93922233581543,3253701,30.36909019470215,33.911941356658936,0.00964632719674241
2022-12-26,28.59090805053711,28.68181800842285,28.5,28.545454025268555,26.93922233581543,2194215,30.303635673522948,33.87037110328674,0.0
2022-12-27,28.545454025268555,29.27272605895996,28.545454025268555,29.09090805053711,27.4539852142334,5551469,30.24545383453369,33.830701684951784,0.019108262379912366
2022-12-28,29.09090805053711,29.27272605895996,28.954544067382812,29.27272605895996,27.625572204589844,3975053,30.18363563537598,33.79276779174805,0.006249994263052727
2022-12-29,29.27272605895996,29.27272605895996,29.045454025268555,29.18181800842285,27.539779663085938,5744886,30.117271995544435,33.75975127220154,-0.003105554650223108
2023-01-01,29.227272033691406,29.454544067382812,29.18181800842285,29.454544067382812,27.79715919494629,1569087,30.050908317565916,33.737189283370974,0.009345752854782452
2023-01-02,29.545454025268555,29.545454025268555,29.227272033691406,29.227272033691406,27.582674026489254,4693364,29.971817436218263,33.718242998123166,-0.007716026198588577
2023-01-03,29.227272033691406,29.227272033691406,29.227272033691406,29.227272033691406,27.582674026489254,0,29.892726554870606,33.70198266029358,0.0
2023-01-04,29.18181800842285,29.227272033691406,28.68181800842285,28.818180084228516,27.196603775024418,4618455,29.819090156555177,33.685949602127074,-0.013996925508179991
2023-01-05,28.818180084228516,28.818180084228516,28.363636016845703,28.68181800842285,27.067914962768555,4797670,29.754544715881348,33.65993721008301,-0.004731807331591065
2023-01-08,28.68181800842285,28.68181800842285,28.545454025268555,28.636362075805664,27.02501678466797,2074569,29.69636287689209,33.63018513679504,-0.0015848344272960668
2023-01-09,28.636362075805664,28.954544067382812,28.636362075805664,28.818180084228516,27.196603775024418,4194627,29.640908317565916,33.59555703163147,0.006349200640135333
2023-01-10,28.863636016845703,28.954544067382812,28.77272605895996,28.954544067382812,27.325294494628903,4766331,29.585453758239748,33.56285040855408,0.004731873517194396
2023-01-11,28.954544067382812,28.954544067382812,28.77272605895996,28.954544067382812,27.325294494628903,2897814,29.530908279418945,33.52952395439148,0.0
2023-01-12,28.909090042114254,29.227272033691406,28.863636016845703,29.227272033691406,27.582674026489254,5219232,29.489999198913573,33.49962725639343,0.009419176681694674
2023-01-15,29.227272033691406,29.318180084228516,29.136362075805664,29.18181800842285,27.539779663085938,2910536,29.449999198913574,33.469503288269046,-0.0015551921922839496
2023-01-16,29.136362075805664,29.18181800842285,29.0,29.136362075805664,27.49688148498535,2872567,29.39909008026123,33.44225121498108,-0.0015576799431779031
2023-01-17,29.045454025268555,29.18181800842285,28.909090042114254,29.18181800842285,27.539779663085938,3066789,29.34727191925049,33.4143999671936,0.0015601100953825942
2023-01-18,29.045454025268555,29.18181800842285,28.909090042114254,29.18181800842285,27.539779663085938,3066789,29.296362838745118,33.38716856956482,0.0
2023-01-19,29.09090805053711,29.363636016845703,29.0,29.27272605895996,27.625572204589844,5009446,29.258180999755858,33.36121814727783,0.0031152291646419084
2023-01-22,29.318180084228516,29.59090805053711,29.318180084228516,29.5,27.840057373046875,5923673,29.226362838745118,33.33061897277832,0.007764016941308238
2023-01-23,29.5,30.0,29.5,30.0,28.31192398071289,7005302,29.20090831756592,33.30334625244141,0.016949152542372836
2023-01-24,30.0,30.227272033691406,29.954544067382812,30.18181800842285,28.483509063720703,5809266,29.190908317565917,33.276982622146605,0.006060600280761719
2023-01-25,30.18181800842285,30.18181800842285,29.09090805053711,30.09090805053711,28.397714614868164,7670790,29.189999237060547,33.24975121498108,-0.0030120769352055543
2023-01-26,30.09090805053711,30.136362075805664,29.909090042114254,29.909090042114254,28.22612571716309,4469603,29.17545379638672,33.22161071777344,-0.0060422905190330445
2023-01-29,29.818180084228516,30.045454025268555,29.818180084228516,30.0,28.31192398071289,3784113,29.162726554870606,33.19454460144043,0.003039542752980351
2023-01-30,30.0,30.09090805053711,29.818180084228516,30.0,28.31192398071289,6385128,29.150908393859865,33.16768510818481,0.0
2023-01-31,30.0,30.0,29.727272033691406,29.954544067382812,28.269023895263672,5410044,29.148181114196777,33.141011543273926,-0.0015151977539062944
2023-02-01,29.77272605895996,29.909090042114254,29.68181800842285,29.909090042114254,28.22612571716309,2477928,29.13909019470215,33.11287104606628,-0.0015174333872787216
2023-02-02,29.77272605895996,29.863636016845703,29.5,29.636362075805664,27.968748092651367,4652997,29.128181076049806,33.0848131942749,-0.009118564487404002
2023-02-05,29.59090805053711,29.59090805053711,29.045454025268555,29.18181800842285,27.539779663085938,3286226,29.11090835571289,33.053036336898806,-0.015337377314400213
2023-02-06,29.09090805053711,29.136362075805664,28.77272605895996,29.09090805053711,27.4539852142334,4815668,29.107271995544433,33.02183798789978,-0.0031152945254988573
2023-02-07,29.5,29.5,29.045454025268555,29.18181800842285,27.539779663085938,7435173,29.087271995544434,32.99088758468628,0.0031250299140821447
2023-02-08,29.18181800842285,29.545454025268555,29.136362075805664,29.545454025268555,27.882953643798828,4280361,29.06909019470215,32.962995023727416,0.01246104738028131
2023-02-09,29.545454025268555,29.545454025268555,29.27272605895996,29.454544067382812,27.79715919494629,6592963,29.056362915039063,32.93092890739441,-0.0030769524749219013
2023-02-12,29.409090042114254,29.59090805053711,29.363636016845703,29.5,27.840057373046875,2937079,29.04636291503906,32.9007429599762,0.0015432570442508453
2023-02-13,29.454544067382812,30.09090805053711,29.409090042114254,30.0,28.31192398071289,8520087,29.059090194702147,32.873057012557986,0.016949152542372836
2023-02-14,30.0,30.09090805053711,29.818180084228516,29.954544067382812,28.269023895263672,5141869,29.073635635375975,32.84555701255798,-0.0015151977539062944
2023-02-15,29.68181800842285,30.18181800842285,29.636362075805664,30.18181800842285,28.483509063720703,5761522,29.09999927520752,32.81733386993408,0.007587294285928303
2023-02-16,30.18181800842285,30.27272605895996,30.045454025268555,30.045454025268555,28.354820251464844,2921620,29.12999927520752,32.784296674728395,-0.004518083805165163
2023-02-19,30.0,30.045454025268555,29.727272033691406,29.818180084228516,28.14033317565918,1943225,29.165453796386718,32.74785038948059,-0.007564337049088987
2023-02-20,29.818180084228516,29.818180084228516,29.545454025268555,29.545454025268555,27.882953643798828,1847654,29.20636287689209,32.70611484527588,-0.009146301289668979
2023-02-21,29.545454025268555,29.59090805053711,29.318180084228516,29.454544067382812,27.79715919494629,3047377,29.238181037902834,32.66351154327393,-0.0030769524749219013
2023-02-23,29.409090042114254,29.409090042114254,28.909090042114254,28.909090042114254,27.28239631652832,4508438,29.253635597229003,32.61818097114563,-0.01851850173001246
2023-02-26,28.909090042114254,29.09090805053711,28.545454025268555,28.545454025268555,26.93922233581543,3275028,29.259999237060548,32.57289171218872,-0.012578604733527121
2023-02-27,28.59090805053711,28.68181800842285,28.09090805053711,28.18181800842285,26.596050262451172,7221309,29.26272651672363,32.529090070724486,-0.012738841586608207
2023-02-28,28.227272033691406,28.909090042114254,28.09090805053711,28.909090042114254,27.28239631652832,6594461,29.278181076049805,32.481135520935055,0.025806427160733225
2023-03-01,28.909090042114254,28.909090042114254,28.636362075805664,28.68181800842285,27.067914962768555,1804,29.288181076049806,32.4313627910614,-0.007861611464086815
2023-03-02,28.863636016845703,29.09090805053711,28.863636016845703,28.863636016845703,27.239501953125,5500,29.30181743621826,32.388408250808716,0.006339138208375061
2023-03-05,28.909090042114254,29.27272605895996,28.909090042114254,29.09090805053711,27.4539852142334,2200,29.318181076049804,32.3488627910614,0.007873991813046821
2023-03-06,29.09090805053711,29.09090805053711,29.09090805053711,29.09090805053711,27.4539852142334,0,29.329090156555175,32.31363551139832,0.0
2023-03-07,29.0,29.409090042114254,28.954544067382812,29.409090042114254,27.754261016845703,8597,29.34636287689209,32.282499141693116,0.010937506351620163
2023-03-08,29.18181800842285,29.454544067382812,28.954544067382812,29.454544067382812,27.79715919494629,590,29.353635597229005,32.2502264213562,0.0015455774117276722
2023-03-09,29.409090042114254,29.863636016845703,29.318180084228516,29.818180084228516,28.14033317565918,2200,29.364544677734376,32.21681732177734,0.012345667820008233
2023-03-12,29.818180084228516,30.0,29.68181800842285,29.818180084228516,28.14033317565918,1100,29.37727191925049,32.179544582366944,0.0
2023-03-13,30.0,30.09090805053711,29.818180084228516,29.954544067382812,28.269023895263672,17252,29.387271919250487,32.144317302703854,0.004573182627816363
2023-03-14,30.0,30.09090805053711,29.818180084228516,29.954544067382812,28.269023895263672,3547,29.401817359924316,32.10613548278808,0.0
2023-03-15,29.227272033691406,29.363636016845703,28.68181800842285,28.68181800842285,27.34392738342285,550,29.390908279418944,32.06113549232483,-0.042488580567174083
2023-03-16,28.636362075805664,28.68181800842285,28.136362075805664,28.136362075805664,26.82391357421875,2048,29.37727191925049,32.01136276245117,-0.019017481125394697
2023-03-19,28.136362075805664,28.136362075805664,28.136362075805664,28.136362075805664,26.82391357421875,0,29.366362800598143,31.96545367240906,0.0
2023-03-20,28.18181800842285,28.409090042114254,28.18181800842285,28.27272605895996,26.953914642333984,1100,29.35909008026123,31.92409004211426,0.004846539250060289
2023-03-21,28.454544067382812,28.818180084228516,28.409090042114254,28.68181800842285,27.34392738342285,1100,29.356362838745117,31.88272641181946,0.014469490795113726
2023-03-22,28.68181800842285,29.18181800842285,28.68181800842285,28.818180084228516,27.47392845153809,718,29.353635559082033,31.84045367240906,0.0047543037810788835
2023-03-23,28.818180084228516,29.227272033691406,28.727272033691406,29.227272033691406,27.863935470581055,3300,29.359090118408204,31.80249913215637,0.014195620551582966
2023-03-26,29.227272033691406,29.227272033691406,29.227272033691406,29.227272033691406,27.863935470581055,0,29.359090118408204,31.764090051651,0.0
2023-03-27,29.227272033691406,29.227272033691406,29.227272033691406,29.227272033691406,27.863935470581055,0,29.359999198913574,31.726590051651,0.0
2023-03-28,29.227272033691406,29.227272033691406,29.227272033691406,29.227272033691406,27.863935470581055,0,29.361817398071288,31.694544591903686,0.0
2023-03-29,29.318180084228516,29.454544067382812,29.18181800842285,29.454544067382812,28.08060836791992,7586,29.367271919250488,31.66272641181946,0.007776026220627896
2023-03-30,29.409090042114254,29.454544067382812,29.27272605895996,29.363636016845703,27.993940353393555,3485,29.370908279418945,31.632044591903686,-0.0030863845771688103
2023-04-02,29.363636016845703,29.5,29.363636016845703,29.409090042114254,28.037275314331055,723,29.373635559082032,31.604317321777344,0.0015479699190683593
2023-04-03,29.545454025268555,29.727272033691406,29.454544067382812,29.59090805053711,28.210609436035156,1100,29.375453720092775,31.57727186203003,0.006182374502661903
2023-04-04,29.68181800842285,30.045454025268555,29.68181800842285,29.818180084228516,28.42728042602539,3272,29.371817321777343,31.558408222198487,0.007680468382492922
2023-04-05,29.863636016845703,29.909090042114254,29.454544067382812,29.545454025268555,28.16727828979492,5143,29.359090042114257,31.53840823173523,-0.009146301289668979
2023-04-06,29.545454025268555,29.727272033691406,29.5,29.68181800842285,28.29728126525879,24200,29.350908241271974,31.51636278152466,0.0046153964341746345
2023-04-09,29.59090805053711,29.818180084228516,29.59090805053711,29.727272033691406,28.340614318847656,2750,29.347271881103516,31.495908241271973,0.0015313760516844077
2023-04-10,29.727272033691406,29.77272605895996,29.59090805053711,29.636362075805664,28.253944396972656,770,29.33999912261963,31.47499915122986,-0.0030581332112381565
2023-04-11,29.59090805053711,29.636362075805664,29.318180084228516,29.5,28.123943328857425,704,29.32999912261963,31.451362791061403,-0.004601174579284328
2023-04-12,29.5,29.727272033691406,29.454544067382812,29.727272033691406,28.340614318847656,1711,29.325453681945802,31.429090070724488,0.007704136735301903
2023-04-13,29.727272033691406,29.863636016845703,29.68181800842285,29.863636016845703,28.470617294311523,1749,29.32454460144043,31.401817350387574,0.004587167736069153
2023-04-16,29.909090042114254,30.227272033691406,29.818180084228516,30.09090805053711,28.687286376953125,550,29.333635520935058,31.37409007072449,0.0076103269395328965
2023-04-17,30.09090805053711,31.59090805053711,30.09090805053711,31.5,30.03065299987793,550,29.3799991607666,31.355226430892944,0.04682783075526831
2023-04-25,31.545454025268555,32.727272033691406,31.5,32.727272033691406,31.20067596435547,5402,29.452726440429686,31.343180971145628,0.03896101694258425
2023-04-26,32.727272033691406,32.8636360168457,32.272727966308594,32.727272033691406,31.20067596435547,1100,29.52363552093506,31.333408250808716,0.0
2023-04-27,32.318180084228516,32.8636360168457,32.318180084228516,32.727272033691406,31.20067596435547,1467,29.587271881103515,31.322953710556032,0.0
2023-04-30,32.772727966308594,33.18181610107422,32.772727966308594,33.0,31.460681915283203,3564,29.65818099975586,31.31545371055603,0.008333354702702689
2023-05-01,33.0,33.1363639831543,32.727272033691406,32.772727966308594,31.24401092529297,1413,29.72363555908203,31.31272644996643,-0.006887031323982051
2023-05-02,32.727272033691406,32.772727966308594,32.04545211791992,32.227272033691406,30.7239990234375,752,29.76818099975586,31.309090089797973,-0.01664359259863668
2023-05-03,32.0,32.09090805053711,31.59090805053711,31.909090042114254,30.4206600189209,3564,29.80727191925049,31.30068099975586,-0.009873066241676165
2023-05-04,31.727272033691406,31.909090042114254,31.5,31.863636016845703,30.3773250579834,4046,29.840908279418944,31.28499917984009,-0.001424485161079847
2023-05-07,32.0,32.68181610107422,32.0,32.5,30.984006881713867,2200,29.889999198913575,31.27136281967163,0.019971480430477584
2023-05-08,32.5,32.727272033691406,32.272727966308594,32.54545211791992,31.02733612060547,11000,29.944544639587402,31.257271900177003,0.0013985267052283312
2023-05-09,34.900001525878906,34.900001525878906,33.45000076293945,33.599998474121094,32.032691955566406,5000,30.025635528564454,31.249590072631836,0.032402264758230936
2023-05-10,33.70000076293945,33.70000076293945,33.400001525878906,33.54999923706055,31.98502540588379,1000,30.107544631958007,31.241430988311766,-0.0014880725991418542
2023-05-11,33.349998474121094,33.70000076293945,33.04999923706055,33.650001525878906,32.080360412597656,500,30.2023628616333,31.234226455688475,0.0029806942203411957
2023-05-14,33.650001525878906,33.70000076293945,33.5,33.70000076293945,32.12803649902344,10000,30.30545379638672,31.226362819671632,0.0014858613608708104
2023-05-15,33.70000076293945,34.0,33.099998474121094,33.099998474121094,31.55601692199707,662,30.403817405700682,31.211180992126465,-0.017804221817056876
2023-05-16,33.349998474121094,33.45000076293945,31.549999237060547,32.400001525878906,30.888671875,4783,30.473635635375977,31.192726459503174,-0.021147945030555615
2023-05-17,32.20000076293945,32.29999923706055,31.899999618530273,32.099998474121094,30.89097785949707,4619,30.54199924468994,31.172544631958008,-0.009259353013245764
2023-05-18,32.25,32.400001525878906,32.150001525878906,32.400001525878906,31.1796817779541,601,30.612726554870605,31.152499198913574,0.009345889907118599
2023-05-21,32.400001525878906,32.45000076293945,32.25,32.400001525878906,31.1796817779541,885,30.67890842437744,31.13336284637451,0.0
2023-05-22,32.349998474121094,32.400001525878906,32.20000076293945,32.25,31.035329818725582,555,30.7420902633667,31.113476486206054,-0.004629676506622826
2023-05-23,32.25,32.349998474121094,32.0,32.099998474121094,30.89097785949707,500,30.795908432006836,31.093521938323974,-0.004651210104772319
2023-05-24,32.04999923706055,32.150001525878906,31.899999618530273,32.0,30.79474639892578,3791,30.84681755065918,31.075112857818603,-0.0031152174104217556
2023-05-25,32.0,32.0,31.899999618530273,31.899999618530273,30.69851303100586,473,30.888453941345215,31.055976495742797,-0.003125011920928955
2023-05-28,31.950000762939453,32.04999923706055,31.950000762939453,31.950000762939453,30.746627807617188,759,30.931090354919434,31.034817419052125,0.0015674340127620479
2023-05-29,31.950000762939453,32.0,31.700000762939453,31.75,30.554161071777344,1880,30.96699947357178,31.012431058883667,-0.006259804637358424
2023-05-30,31.799999237060547,31.950000762939453,31.799999237060547,31.850000381469727,30.6503963470459,572,31.004908599853515,30.98622652053833,0.0031496183140071743
2023-05-31,31.850000381469727,31.899999618530273,31.5,31.5,30.31357765197754,1146,31.06127223968506,30.959862880706787,-0.010989022834466122
2023-06-01,31.700000762939453,31.850000381469727,31.649999618530273,31.649999618530273,30.45792579650879,990,31.131544990539552,30.934249238967894,0.004761892651754751
2023-06-04,32.0,32.25,31.899999618530273,32.20000076293945,30.987213134765625,1500,31.212817764282228,30.91434016227722,0.017377603508316186
2023-06-05,32.20000076293945,33.0,32.20000076293945,32.599998474121094,31.372146606445312,714,31.299363212585448,30.896431074142455,0.012422288872800724
2023-06-06,32.599998474121094,32.599998474121094,32.25,32.54999923706055,31.324031829833984,2000,31.376726837158202,30.87963562965393,-0.00153371900002508
2023-06-07,32.5,32.5,32.29999923706055,32.400001525878906,31.1796817779541,1000,31.448363265991212,30.863453817367553,-0.004608224721887488
2023-06-08,32.29999923706055,32.5,32.25,32.45000076293945,31.22779655456543,6720,31.512817840576172,30.849567461013795,0.0015431862563528576
2023-06-11,32.349998474121094,32.400001525878906,32.29999923706055,32.349998474121094,31.131563186645508,700,31.575272369384766,30.836772012710572,-0.003081734559851501
2023-06-12,32.349998474121094,32.349998474121094,32.099998474121094,32.29999923706055,31.08344841003418,500,31.636726913452147,30.82031746864319,-0.0015455715430882089
2023-06-13,32.25,32.400001525878906,32.099998474121094,32.20000076293945,30.987213134765625,920,31.69618148803711,30.80245383262634,-0.003095928064492215
2023-06-14,32.20000076293945,32.650001525878906,32.20000076293945,32.650001525878906,31.420263290405273,500,31.760090637207032,30.789794759750365,0.013975178642150254
2023-06-15,32.54999923706055,32.79999923706055,32.400001525878906,32.5,31.275915145874023,27337,31.822817916870118,30.77752203941345,-0.004594227224155367
2023-06-18,32.5,32.599998474121094,32.20000076293945,32.29999923706055,31.08344841003418,715,31.880636100769042,30.765612955093385,-0.006153869628906294
2023-06-19,32.20000076293945,32.29999923706055,32.04999923706055,32.099998474121094,30.89097785949707,4859944,31.930817909240723,30.755658407211303,-0.006191974231069763
2023-06-20,32.04999923706055,32.150001525878906,32.0,32.150001525878906,30.93910026550293,5097686,31.97745433807373,30.74777205467224,0.0015577275431375437
2023-06-21,32.099998474121094,32.29999923706055,32.04999923706055,32.20000076293945,30.987213134765625,3192388,32.03054527282715,30.73763569831848,0.0015551861489120355
2023-06-22,32.20000076293945,32.349998474121094,32.099998474121094,32.25,31.035329818725582,4892740,32.08190891265869,30.728431158065796,0.0015527713004930277
2023-07-02,32.20000076293945,32.29999923706055,32.099998474121094,32.20000076293945,30.987213134765625,3037150,32.131363487243654,30.72056752204895,-0.001550363939861965
2023-07-03,32.29999923706055,32.29999923706055,32.150001525878906,32.29999923706055,31.08344841003418,6086391,32.18463623046875,30.714340257644654,0.0031055426009860554
2023-07-04,32.29999923706055,32.349998474121094,32.20000076293945,32.29999923706055,31.08344841003418,3380056,32.24063621520996,30.709703893661498,0.0
2023-07-05,32.29999923706055,32.400001525878906,32.25,32.349998474121094,31.131563186645508,5349418,32.293090744018556,30.702817525863647,0.0015479640322462185
2023-07-06,32.29999923706055,32.349998474121094,32.20000076293945,32.29999923706055,31.08344841003418,3438050,32.34181800842285,30.69499934196472,-0.0015455715430882089
2023-07-09,32.29999923706055,32.349998474121094,32.25,32.29999923706055,31.08344841003418,3050612,32.38599983215332,30.68740843772888,0.0
2023-07-10,32.20000076293945,32.29999923706055,32.150001525878906,32.150001525878906,30.93910026550293,4007160,32.3989998626709,30.679976625442507,-0.004643892096738322
2023-07-11,32.150001525878906,32.25,32.099998474121094,32.099998474121094,30.89097785949707,5613729,32.38645439147949,30.674567537307738,-0.001555304802009494
2023-07-12,32.20000076293945,32.349998474121094,32.150001525878906,32.20000076293945,30.987213134765625,4516011,32.37590896606445,30.670794820785524,0.003115336248348477
2023-07-13,32.25,32.29999923706055,32.150001525878906,32.150001525878906,30.93910026550293,4601798,32.364363555908206,30.66790846824646,-0.0015527713004930277
2023-07-16,32.150001525878906,32.20000076293945,32.0,32.150001525878906,30.93910026550293,5293094,32.34736358642578,30.664113035202025,0.0
2023-07-17,32.099998474121094,32.349998474121094,32.0,32.29999923706055,31.08344841003418,21493538,32.33790901184082,30.661976671218873,0.004665558446736107
2023-07-18,32.25,32.29999923706055,32.099998474121094,32.29999923706055,31.08344841003418,5942136,32.3393635559082,30.664158487319945,0.0
2023-07-19,32.150001525878906,32.29999923706055,32.0,32.29999923706055,31.08344841003418,7723155,32.34718173980713,30.670885763168336,0.0
2023-07-20,32.25,32.29999923706055,32.0,32.29999923706055,31.08344841003418,7585662,32.355909004211426,30.675794858932495,0.0
2023-07-23,32.20000076293945,32.400001525878906,32.04999923706055,32.349998474121094,31.131563186645508,7558158,32.35290897369385,30.678908491134642,0.0015479640322462185
2023-07-24,32.29999923706055,32.349998474121094,32.150001525878906,32.25,31.035329818725582,8931808,32.346999931335446,30.677203950881957,-0.0030911430861763067
2023-07-25,32.29999923706055,32.400001525878906,32.20000076293945,32.349998474121094,31.131563186645508,7099013,32.32199993133545,30.676453943252564,0.00310072787972393
2023-07-26,32.29999923706055,32.599998474121094,32.20000076293945,32.400001525878906,31.1796817779541,10957117,32.29899997711182,30.675953950881958,0.0015456894626382223
2023-07-27,32.400001525878906,32.54999923706055,32.20000076293945,32.29999923706055,31.08344841003418,25154263,32.27199993133545,30.674953947067262,-0.0030864902502700797
2023-07-30,32.29999923706055,32.5,32.20000076293945,32.29999923706055,31.08344841003418,5877354,32.24399990081787,30.673044862747194,0.0
2023-07-31,32.29999923706055,32.400001525878906,32.099998474121094,32.400001525878906,31.1796817779541,9775105,32.229999961853025,30.67140851020813,0.0030960461665776595
2023-08-01,32.400001525878906,32.5,32.150001525878906,32.25,31.035329818725582,7680748,32.22699993133545,30.669022150039673,-0.004629676506622826
2023-08-02,32.29999923706055,32.349998474121094,32.099998474121094,32.25,31.035329818725582,6334508,32.229999961853025,30.667772150039674,0.0
2023-08-03,32.150001525878906,32.5,32.150001525878906,32.25,31.035329818725582,10511260,32.22699993133545,30.666749429702758,0.0
2023-08-06,32.25,32.400001525878906,32.20000076293945,32.29999923706055,31.08344841003418,7194280,32.22499988555908,30.66597670555115,0.001550363939861965
2023-08-07,32.400001525878906,33.0,32.25,32.650001525878906,31.420263290405273,28346998,32.23299991607666,30.66831763267517,0.01083598442989353
2023-08-08,32.75,33.599998474121094,32.70000076293945,33.04999923706055,31.805198669433594,26548628,32.25199993133545,30.67447672843933,0.012251077870994775
2023-08-09,33.099998474121094,33.599998474121094,33.0,33.150001525878906,31.901432037353516,14715086,32.27499996185303,30.680226736068725,0.003025787931220991
2023-08-10,33.20000076293945,34.150001525878906,33.20000076293945,34.0,32.719417572021484,29090311,32.316999969482424,30.6884085559845,0.025640978431253902
2023-08-13,34.0,34.54999923706055,34.0,34.54999923706055,33.24870300292969,15763784,32.36899993896484,30.6986585521698,0.01617644814883956
2023-08-14,34.5,34.70000076293945,34.25,34.599998474121094,33.29681396484375,16978444,32.42599990844727,30.707794904708862,0.0014471559526667566
2023-08-15,34.45000076293945,34.650001525878906,34.04999923706055,34.400001525878906,33.10435485839844,16289575,32.47699993133545,30.713885831832886,-0.005780258874628963
2023-08-16,34.349998474121094,34.849998474121094,34.099998474121094,34.45000076293945,33.152469635009766,19533666,32.53599994659424,30.72022675514221,0.0014534661291492057
2023-08-17,34.45000076293945,35.099998474121094,34.25,35.04999923706055,33.7298698425293,26806203,32.60399993896485,30.732976751327513,0.017416501040155463
2023-08-20,35.04999923706055,35.099998474121094,34.54999923706055,35.0,33.68175506591797,15238486,32.65999992370605,30.748431301116945,-0.0014265117874148192
2023-08-21,34.95000076293945,34.95000076293945,34.25,34.45000076293945,33.152469635009766,18652897,32.69699996948242,30.762954034805297,-0.015714263916015603
2023-08-22,34.29999923706055,34.599998474121094,34.25,34.400001525878906,33.10435485839844,18224009,32.734000015258786,30.776999502182008,-0.001451356631444134
2023-08-23,34.349998474121094,34.79999923706055,34.20000076293945,34.5,33.20058822631836,13388241,32.77599998474121,30.79086314201355,0.0029069322582984114
2023-08-24,34.45000076293945,34.95000076293945,34.29999923706055,34.650001525878906,33.34493637084961,14284621,32.82,30.80570405960083,0.004347870315330571
2023-08-27,34.650001525878906,35.04999923706055,34.599998474121094,34.79999923706055,33.48928451538086,18767190,32.86900001525879,30.823340425491335,0.004328938083007383
2023-08-28,34.75,35.150001525878906,34.45000076293945,34.54999923706055,33.24870300292969,20128293,32.914000015258786,30.840181331634522,-0.00718390820347381
2023-08-29,34.5,34.54999923706055,34.04999923706055,34.099998474121094,32.815650939941406,15513670,32.95199996948242,30.852272233963014,-0.013024624395845286
2023-08-30,34.150001525878906,34.900001525878906,33.95000076293945,34.849998474121094,33.53739929199219,16924373,32.99599990844727,30.86765859603882,0.021994135881536314
2023-08-31,34.70000076293945,34.900001525878906,34.349998474121094,34.900001525878906,33.58552169799805,20887272,33.043999938964845,30.883522243499755,0.0014348078607504533
2023-09-03,34.599998474121094,34.70000076293945,34.25,34.45000076293945,33.152469635009766,12030768,33.08699996948242,30.89986315727234,-0.012894004105007517
2023-09-04,34.400001525878906,34.400001525878906,34.04999923706055,34.29999923706055,33.00811767578125,13714339,33.13099998474121,30.915908613204955,-0.004354180625745441
2023-09-05,34.25,34.29999923706055,33.95000076293945,34.099998474121094,32.815650939941406,15699150,33.16999992370606,30.93004497528076,-0.0058309261629182485
2023-09-06,34.099998474121094,34.25,33.95000076293945,34.0,32.719417572021484,14109107,33.20599990844727,30.94663588523865,-0.0029325067036874986
2023-09-07,34.0,34.400001525878906,33.849998474121094,34.150001525878906,32.86376953125,14194811,33.24399993896484,30.966704082489013,0.004411809584673687
2023-09-10,34.150001525878906,34.150001525878906,33.75,33.95000076293945,32.671302795410156,9850983,33.278999938964844,30.983272275924683,-0.005856537452506139
2023-09-11,33.75,33.79999923706055,33.25,33.79999923706055,32.81927490234375,13532644,33.308999938964845,30.999090461730958,-0.004418306995817578
2023-09-12,33.599998474121094,33.75,33.25,33.29999923706055,32.33378601074219,11040997,33.32899993896484,31.012635917663573,-0.01479289974219189
2023-09-13,33.25,33.75,33.20000076293945,33.45000076293945,32.47943115234375,18216187,33.35099998474121,31.029431381225585,0.004504550429898169
2023-09-14,33.5,33.95000076293945,33.5,33.95000076293945,32.96492385864258,22212389,33.38400001525879,31.047363204956056,0.014947682768186032
2023-09-17,33.95000076293945,34.29999923706055,33.849998474121094,34.099998474121094,33.110572814941406,13056838,33.42,31.066954107284545,0.004418194633603045
2023-09-18,34.099998474121094,34.20000076293945,33.79999923706055,34.20000076293945,33.20766830444336,16277240,33.460999984741214,31.087726840972902,0.002932618571647616
2023-09-19,34.0,34.400001525878906,34.0,34.29999923706055,33.30476760864258,22742251,33.505,31.112863206863402,0.002923931926617218
2023-09-20,34.25,34.5,34.099998474121094,34.29999923706055,33.30476760864258,19406894,33.54699996948242,31.133454113006593,0.0
2023-09-21,34.25,34.349998474121094,33.849998474121094,34.099998474121094,33.110572814941406,15356309,33.58599990844726,31.151681385040284,-0.0058309261629182485
2023-09-25,34.04999923706055,34.29999923706055,33.75,33.95000076293945,32.96492385864258,16105497,33.62199989318847,31.170976848602294,-0.004398760055531303
2023-09-26,33.900001525878906,34.400001525878906,33.75,34.25,33.25621795654297,17426833,33.660999908447266,31.192226848602296,0.008836501629420734
2023-09-27,34.150001525878906,34.849998474121094,34.0,34.849998474121094,33.838809967041016,20015714,33.71199989318848,31.219658660888673,0.017518203623973605
2023-09-28,34.849998474121094,35.150001525878906,34.79999923706055,35.0,33.98445510864258,36859450,33.76599990844726,31.248522300720214,0.004304204661308431
2023-10-01,34.95000076293945,35.0,34.599998474121094,34.70000076293945,33.69316482543945,11451962,33.81399993896484,31.277704124450683,-0.008571406773158485
2023-10-02,34.650001525878906,34.75,34.150001525878906,34.29999923706055,33.30476760864258,14139534,33.852999954223634,31.306476850509643,-0.011527421241619096
2023-10-03,34.20000076293945,34.29999923706055,34.0,34.04999923706055,33.0620231628418,19661588,33.888999938964844,31.336499576568603,-0.007288629899731336
2023-10-04,34.0,34.04999923706055,33.650001525878906,33.79999923706055,32.81927490234375,10975391,33.91799995422363,31.367999572753906,-0.0073421440705319085
2023-10-05,33.75,33.75,33.45000076293945,33.45000076293945,32.47943115234375,11866305,33.93899993896484,31.395931396484375,-0.010354984675187029
2023-10-08,33.400001525878906,33.54999923706055,33.150001525878906,33.54999923706055,32.57653045654297,7559795,33.96399993896485,31.42299958229065,0.002989490936929462
2023-10-09,33.54999923706055,33.650001525878906,33.25,33.599998474121094,32.62507629394531,13495768,33.98999992370605,31.449863214492797,0.0014902902592413003
2023-10-10,33.599998474121094,34.04999923706055,33.45000076293945,34.0,33.01347732543945,14806577,34.02199989318848,31.479635944366454,0.011904807858458266
2023-10-11,34.0,34.0,33.45000076293945,33.54999923706055,32.57653045654297,8177747,34.04799987792969,31.50670413017273,-0.013235316557042687
2023-10-12,33.5,33.75,33.20000076293945,33.70000076293945,32.72218322753906,11432858,34.07699989318848,31.534295043945313,0.004470984479582718
2023-10-15,33.54999923706055,33.75,33.29999923706055,33.349998474121094,32.3823356628418,21877754,34.0989998626709,31.560135946273803,-0.01038582435889035
2023-10-16,33.29999923706055,33.5,33.20000076293945,33.400001525878906,32.430885314941406,13361052,34.12099990844727,31.5857723236084,0.0014993419503936956
2023-10-17,33.400001525878906,33.650001525878906,33.349998474121094,33.45000076293945,32.47943115234375,12066022,34.136999893188474,31.610295057296753,0.0014969830771356385
2023-10-18,33.400001525878906,33.70000076293945,33.349998474121094,33.400001525878906,32.430885314941406,10894732,34.143999938964846,31.634567794799803,-0.001494745468464731
2023-10-19,33.349998474121094,33.599998474121094,33.29999923706055,33.5,32.52798080444336,10470436,34.15099990844727,31.656613254547118,0.002993966154271277
2023-10-22,33.400001525878906,33.54999923706055,33.25,33.349998474121094,32.3823356628418,9069190,34.13799987792969,31.676999616622926,-0.004477657488922593
2023-10-23,33.29999923706055,33.45000076293945,33.150001525878906,33.25,32.28523635864258,10767626,34.111999893188475,31.69734052658081,-0.002998455133324529
2023-10-24,33.25,33.400001525878906,33.04999923706055,33.20000076293945,32.23668670654297,8034081,34.083999938964844,31.716067810058593,-0.0015037364529487673
2023-10-25,33.20000076293945,33.25,32.79999923706055,33.04999923706055,32.09103775024414,14156165,34.056999893188475,31.73518144607544,-0.004518118145537819
2023-10-26,33.0,33.29999923706055,32.75,33.20000076293945,32.23668670654297,15720398,34.03199989318848,31.75504508972168,0.004538624185827622
2023-10-29,33.099998474121094,33.099998474121094,32.849998474121094,32.95000076293945,31.99394416809082,10217640,33.98999992370605,31.775704193115235,-0.00753012030888478
2023-10-30,32.95000076293945,33.20000076293945,32.849998474121094,32.95000076293945,31.99394416809082,10943495,33.948999938964846,31.79704510688782,0.0
2023-10-31,32.95000076293945,33.45000076293945,32.849998474121094,33.29999923706055,32.33378601074219,18420094,33.92599990844727,31.820363292694093,0.01062210822510079
2023-11-01,33.25,33.400001525878906,32.95000076293945,33.150001525878906,32.18813705444336,13986605,33.90099990844727,31.842022399902344,-0.004504435874421953
2023-11-02,33.099998474121094,33.45000076293945,33.04999923706055,33.150001525878906,32.18813705444336,13973844,33.87399993896484,31.862999687194826,0.0
2023-11-05,33.099998474121094,33.45000076293945,33.099998474121094,33.29999923706055,32.33378601074219,11194135,33.846999893188475,31.884726963043214,0.004524817625258359
2023-11-06,33.25,33.45000076293945,33.150001525878906,33.45000076293945,32.47943115234375,12769885,33.81999992370606,31.905840606689452,0.004504550429898169
2023-11-07,33.54999923706055,33.75,33.400001525878906,33.599998474121094,32.62507629394531,16015994,33.80099990844727,31.927931509017945,0.004484236405394304
2023-11-08,33.5,33.599998474121094,33.349998474121094,33.54999923706055,32.57653045654297,12092091,33.789999923706056,31.949999694824218,-0.0014880725991418542
2023-11-09,33.45000076293945,33.650001525878906,33.349998474121094,33.5,32.52798080444336,10624730,33.76299995422363,31.971590604782104,-0.0014902902592414113
2023-11-12,33.5,33.849998474121094,33.45000076293945,33.54999923706055,32.57653045654297,14937567,33.73599990844727,31.993431510925294,0.0014925145391206929
2023-11-13,33.54999923706055,33.70000076293945,33.45000076293945,33.70000076293945,32.72218322753906,11786376,33.72099990844727,32.01556788444519,0.004470984479582718
2023-11-14,33.70000076293945,33.900001525878906,33.599998474121094,33.849998474121094,32.86782455444336,12188911,33.71199989318848,32.0373178768158,0.004450970557442702
2023-11-15,33.400001525878906,33.54999923706055,33.25,33.5,32.821189880371094,15132749,33.69999992370605,32.0548178768158,-0.010339689509548222
2023-11-16,33.400001525878906,33.79999923706055,33.349998474121094,33.650001525878906,32.96815490722656,16043383,33.69299995422363,32.07215879440307,0.004477657488922482
2023-11-19,33.599998474121094,33.79999923706055,33.5,33.75,33.066123962402344,9204722,33.68499992370605,32.09045425415039,0.002971722721741621
2023-11-20,33.70000076293945,33.70000076293945,33.45000076293945,33.45000076293945,32.7722053527832,14500168,33.67499992370605,32.10815880775451,-0.008888866283275454
2023-11-21,33.45000076293945,33.54999923706055,33.25,33.45000076293945,32.7722053527832,17930019,33.66799995422363,32.125408811569216,0.0
2023-11-22,33.400001525878906,33.5,33.25,33.45000076293945,32.7722053527832,9985773,33.67099998474121,32.14265881538391,0.0
2023-11-23,33.400001525878906,33.5,33.25,33.45000076293945,32.7722053527832,9985773,33.67099998474121,32.16013609886169,0.0
2023-11-26,33.349998474121094,33.45000076293945,33.25,33.400001525878906,32.72322082519531,8775067,33.66,32.177590656280515,-0.001494745468464731
2023-11-27,33.349998474121094,33.400001525878906,33.20000076293945,33.25,32.57625961303711,12504081,33.64300003051758,32.19565884590149,-0.004491063443894827
2023-11-28,33.25,33.349998474121094,33.099998474121094,33.25,32.57625961303711,12473534,33.62400001525879,32.21599975585937,0.0
2023-11-29,33.29999923706055,33.349998474121094,33.150001525878906,33.29999923706055,32.625240325927734,7984602,33.60400001525879,32.237045211791994,0.0015037364529488784
2023-11-30,33.25,33.400001525878906,33.150001525878906,33.20000076293945,32.52727127075195,19718993,33.58200004577637,32.25713612556458,-0.003002957249614635
2023-12-03,33.25,33.349998474121094,33.150001525878906,33.349998474121094,32.67422866821289,9157522,33.56700004577637,32.27615884780884,0.0045180032450204965
2023-12-04,33.25,33.29999923706055,33.150001525878906,33.20000076293945,32.52727127075195,10703463,33.55200004577637,32.294886131286624,-0.004497682699986849
2023-12-05,33.20000076293945,33.25,32.95000076293945,33.04999923706055,32.38031005859375,13334665,33.528000030517575,32.312636127471926,-0.004518118145537819
2023-12-06,33.04999923706055,33.20000076293945,32.95000076293945,33.0,32.331321716308594,10200836,33.49100006103516,32.327636127471926,-0.001512836254606631
2023-12-07,32.95000076293945,33.150001525878906,32.849998474121094,33.04999923706055,32.38031005859375,10535748,33.452000045776366,32.34311340332031,0.001515128395774168
2023-12-10,33.0,33.20000076293945,32.900001525878906,32.95000076293945,32.2823371887207,9726697,33.41700004577637,32.35695431709289,-0.003025672509213262
2023-12-11,33.0,33.099998474121094,32.79999923706055,33.04999923706055,32.38031005859375,13793898,33.39200004577637,32.37197704315186,0.003034854986515345
2023-12-12,33.0,33.04999923706055,32.79999923706055,32.95000076293945,32.2823371887207,10069164,33.37000007629395,32.38763614654541,-0.003025672509213262
2023-12-13,32.95000076293945,32.95000076293945,32.70000076293945,32.79999923706055,32.1353759765625,12674333,33.350000076293945,32.40390887260437,-0.004552398252069878
2023-12-14,32.79999923706055,33.0,32.70000076293945,32.900001525878906,32.23335266113281,20313022,33.339000091552734,32.421136159896854,0.0030488503397696487
2023-12-17,32.900001525878906,33.04999923706055,32.75,32.900001525878906,32.23335266113281,11331794,33.3260001373291,32.441090717315674,0.0
2023-12-18,32.849998474121094,33.099998474121094,32.79999923706055,33.099998474121094,32.429298400878906,16433411,33.3160001373291,32.46386343955994,0.006078934315090212
2023-12-19,33.0,33.25,32.95000076293945,33.04999923706055,32.38031005859375,19479366,33.297000122070315,32.488204345703124,-0.0015105510382316112
2023-12-20,33.0,33.25,32.95000076293945,33.099998474121094,32.429298400878906,13324412,33.28800010681152,32.50915888786316,0.001512836254606631
2023-12-21,33.0,33.099998474121094,32.79999923706055,33.0,32.331321716308594,11240688,33.274000091552736,32.530749797821045,-0.0030211020764631114
2023-12-24,32.95000076293945,33.099998474121094,32.849998474121094,33.0,32.331321716308594,12165552,33.267000122070314,32.55143161773682,0.0
2023-12-25,33.0,33.099998474121094,32.849998474121094,33.099998474121094,32.429298400878906,15869070,33.261000061035155,32.57147706985474,0.003030256791548336
2023-12-26,33.04999923706055,33.099998474121094,32.900001525878906,33.04999923706055,32.38031005859375,14598967,33.253000030517576,32.59127252578735,-0.0015105510382316112
2023-12-27,33.099998474121094,33.25,33.0,33.150001525878906,32.4782829284668,14815683,33.24800003051758,32.609977083206175,0.003025787931220991
2023-12-28,33.150001525878906,33.25,32.95000076293945,33.04999923706055,32.38031005859375,12720450,33.23900001525879,32.62795435905456,-0.003016660157324269
2023-12-31,33.04999923706055,33.099998474121094,32.900001525878906,33.0,32.331321716308594,10776909,33.23200004577637,32.643863458633426,-0.001512836254606631
2024-01-01,33.0,33.150001525878906,32.900001525878906,33.04999923706055,32.38031005859375,12123324,33.22800003051758,32.660022554397585,0.001515128395774168
2024-01-02,33.04999923706055,33.25,32.95000076293945,33.04999923706055,32.38031005859375,23618273,33.225,32.67549983024597,0.0
2024-01-03,33.04999923706055,33.099998474121094,32.900001525878906,32.95000076293945,32.2823371887207,16763963,33.223000030517575,32.69047711372375,-0.003025672509213262
2024-01-04,33.0,33.150001525878906,32.900001525878906,33.04999923706055,32.38031005859375,15268369,33.22,32.71231801986694,0.003034854986515345
2024-01-07,33.0,33.349998474121094,33.0,33.25,32.57625961303711,16715247,33.22599998474121,32.73788620948792,0.006051460440434253
2024-01-08,33.25,33.650001525878906,33.20000076293945,33.45000076293945,32.7722053527832,24260161,33.23599998474121,32.76445440292358,0.00601506053953238
2024-01-09,33.45000076293945,33.75,33.20000076293945,33.25,32.57625961303711,26821380,33.235,32.78934077262878,-0.005979095915628285
2024-01-10,33.25,33.29999923706055,32.900001525878906,32.900001525878906,32.23335266113281,21196971,33.23,32.81043169021606,-0.010526269898378793
2024-01-11,32.900001525878906,33.04999923706055,32.79999923706055,32.849998474121094,32.18436050415039,13864987,33.223999938964845,32.83059078216553,-0.0015198495270123402
2024-01-14,32.849998474121094,33.0,32.79999923706055,32.849998474121094,32.18436050415039,6180792,33.21499992370605,32.848704414367674,0.0
2024-01-15,32.849998474121094,32.900001525878906,32.400001525878906,32.400001525878906,31.743480682373047,22399590,33.19399993896484,32.864568061828614,-0.013698537873500727
2024-01-16,32.400001525878906,32.599998474121094,31.899999618530273,31.950000762939453,31.302600860595703,29225270,33.16099998474121,32.87818170547485,-0.013888911782304225
2024-01-17,32.099998474121094,32.099998474121094,31.75,31.75,31.106651306152344,25236179,33.125,32.890795345306394,-0.006259804637358424
2024-01-18,31.850000381469727,32.150001525878906,31.649999618530273,31.899999618530273,31.253612518310547,19204881,33.09299999237061,32.903022623062135,0.004724397434024308
2024-01-21,32.04999923706055,32.25,31.899999618530273,32.0,31.351585388183594,11123947,33.06200000762939,32.91620444297791,0.0031348082340301175
2024-01-22,32.0,32.0,32.0,32.0,31.351585388183594,0,33.0279999923706,32.929158992767334,0.0
2024-01-23,31.700000762939453,31.799999237060547,31.450000762939453,31.649999618530273,31.008678436279297,15684453,32.984000015258786,32.9394544506073,-0.010937511920928955
2024-01-24,31.649999618530273,31.899999618530273,31.549999237060547,31.700000762939453,31.057666778564453,13884658,32.948000030517576,32.94886355400085,0.0015798150082726448
2024-01-25,31.700000762939453,31.850000381469727,31.5,31.549999237060547,30.910703659057617,16870115,32.905999984741214,32.958886280059815,-0.0047319092198342405
2024-01-28,31.649999618530273,31.700000762939453,31.350000381469727,31.399999618530273,30.763744354248047,12645751,32.858999977111814,32.96747718811035,-0.004754346185659286
2024-01-29,31.399999618530273,31.549999237060547,31.149999618530273,31.25,30.616783142089844,18653657,32.814999961853026,32.9750908279419,-0.004777057973011978
2024-01-30,31.299999237060547,31.5,31.25,31.299999237060547,30.665769577026367,13729576,32.77199993133545,32.98340901374817,0.0015999755859374964
2024-01-31,31.299999237060547,31.350000381469727,30.600000381469727,30.600000381469727,29.97995376586914,20684022,32.71499992370605,32.988909015655516,-0.02236418123493089
2024-02-01,30.600000381469727,31.0,30.549999237060547,31.0,30.371849060058594,18080487,32.66599990844727,32.995272655487064,0.013071882795547163
2024-02-04,31.0,31.0,30.850000381469727,30.950000762939453,30.32286262512207,8308324,32.61699989318848,33.00070447921753,-0.0016128786148563723
2024-02-05,31.0,31.0,30.600000381469727,30.799999237060547,30.175901412963867,12869589,32.56799987792969,33.00424993515015,-0.004846575837843647
2024-02-06,30.799999237060547,31.350000381469727,30.700000762939453,31.350000381469727,30.714757919311523,17214251,32.52999988555908,33.0034999370575,0.017857180455620902
2024-02-07,31.299999237060547,31.299999237060547,30.899999618530273,31.049999237060547,30.420835494995117,11743893,32.484999885559084,32.99511357307434,-0.009569414378269192
2024-02-08,31.299999237060547,31.299999237060547,30.899999618530273,31.049999237060547,30.420835494995117,11743893,32.4419998550415,32.986727209091185,0.0
2024-02-11,30.700000762939453,30.899999618530273,30.350000381469727,30.450000762939453,29.83299446105957,12831893,32.38399990081787,32.975340852737425,-0.01932362282975353
2024-02-12,30.450000762939453,31.0,30.350000381469727,30.899999618530273,30.273876190185547,12173609,32.33799987792969,32.96484085083008,0.01477828716965135
2024-02-13,30.950000762939453,31.799999237060547,30.950000762939453,31.75,31.106651306152344,32885941,32.31199989318848,32.95972721099854,0.02750810329978104
2024-02-14,31.75,32.150001525878906,31.600000381469727,31.950000762939453,31.302600860595703,22818423,32.29099990844727,32.958340854644774,0.006299236628014349
2024-02-15,31.950000762939453,32.29999923706055,31.799999237060547,31.950000762939453,31.302600860595703,22239458,32.268999938964846,32.9585454082489,0.0
2024-02-18,31.899999618530273,32.099998474121094,31.850000381469727,31.950000762939453,31.302600860595703,8742507,32.24899993896484,32.95897723197937,0.0
2024-02-19,31.899999618530273,32.0,31.799999237060547,31.950000762939453,31.302600860595703,12043315,32.22699996948242,32.95622723579407,0.0
2024-02-20,31.950000762939453,32.0,31.549999237060547,31.649999618530273,31.008678436279297,10781599,32.20099994659424,32.95174997329712,-0.00938970695603758
2024-02-21,31.600000381469727,32.150001525878906,31.549999237060547,32.0,31.351585388183594,19596113,32.18499996185303,32.94374998092651,0.01105846400278665
2024-02-25,32.0,32.099998474121094,31.850000381469727,31.950000762939453,31.302600860595703,3965313,32.16599994659424,32.935749988555905,-0.0015624761581420898
2024-02-26,31.850000381469727,32.0,31.700000762939453,31.799999237060547,31.1556396484375,7498271,32.143999900817875,32.92649997711182,-0.004694883326979538
2024-02-27,31.799999237060547,31.950000762939453,31.649999618530273,31.950000762939453,31.302600860595703,5686447,32.12099994659424,32.91774997711182,0.004717029228858971
2024-02-28,31.899999618530273,31.950000762939453,31.700000762939453,31.899999618530273,31.253612518310547,4593928,32.09799995422363,32.91174998283386,-0.0015649810083002702
2024-02-29,31.899999618530273,31.899999618530273,31.700000762939453,31.700000762939453,31.057666778564453,6418785,32.07,32.90824997901917,-0.006269556676566368
2024-03-03,31.700000762939453,31.799999237060547,31.5,31.549999237060547,30.910703659057617,5610229,32.04099998474121,32.90549998283386,-0.0047319092198342405
2024-03-04,31.549999237060547,31.600000381469727,31.100000381469727,31.200000762939453,30.567798614501953,12502459,32.005,32.89949997901917,-0.011093454281607906
2024-03-05,31.200000762939453,31.200000762939453,31.200000762939453,31.200000762939453,30.567798614501953,0,31.967000045776366,32.89349997520447,0.0
2024-03-06,31.600000381469727,31.75,31.399999618530273,31.700000762939453,31.057666778564453,10397647,31.940000076293945,32.89074997901916,0.016025640633763105
2024-03-07,31.700000762939453,31.799999237060547,31.350000381469727,31.75,31.106651306152344,8148176,31.912000045776367,32.88899998664856,0.0015772629607946342
2024-03-10,32.099998474121094,32.650001525878906,32.04999923706055,32.20000076293945,31.54753303527832,16067368,31.895000076293947,32.88999999046326,0.01417325237604583
2024-03-11,32.20000076293945,32.20000076293945,31.75,31.899999618530273,31.253612518310547,9842342,31.873000068664552,32.88999999046326,-0.00931680550624292
2024-03-12,32.0,32.099998474121094,31.899999618530273,32.04999923706055,31.400571823120117,5521581,31.85300006866455,32.89049998283386,0.004702182455298187
2024-03-13,32.04999923706055,32.25,31.799999237060547,32.04999923706055,31.400571823120117,11826137,31.83300006866455,32.89199997901917,0.0
2024-03-14,31.700000762939453,31.75,31.200000762939453,31.25,30.920196533203125,21219052,31.799000053405763,32.888999977111816,-0.024960975229462057
2024-03-17,31.299999237060547,31.350000381469727,31.100000381469727,31.149999618530273,30.821250915527344,4824836,31.761000061035155,32.88724997520447,-0.0032000122070312553
2024-03-18,31.200000762939453,31.200000762939453,31.0,31.100000381469727,30.77178001403809,7729020,31.71800006866455,32.88449997901917,-0.0016051119638154088
2024-03-19,31.100000381469727,31.399999618530273,31.049999237060547,31.399999618530273,31.068613052368164,9657336,31.677000045776367,32.88049997329712,0.009646277600668274
2024-03-20,31.399999618530273,31.450000762939453,31.200000762939453,31.200000762939453,30.870725631713867,9692133,31.636000061035155,32.87349998474121,-0.006369390382820028
2024-03-21,31.25,31.299999237060547,31.149999618530273,31.200000762939453,30.870725631713867,8714425,31.602000045776368,32.86674999237061,0.0
2024-03-24,31.25,31.299999237060547,31.049999237060547,31.200000762939453,30.870725631713867,7391076,31.569000091552734,32.86074998855591,0.0
2024-03-25,31.200000762939453,31.200000762939453,30.850000381469727,30.850000381469727,30.524417877197266,10517017,31.529000129699707,32.85274998664856,-0.011217960670227622
2024-03-26,30.899999618530273,31.049999237060547,30.799999237060547,30.850000381469727,30.524417877197266,11663894,31.498000106811524,32.8452499961853,0.0
2024-03-27,30.899999618530273,31.0,30.799999237060547,30.799999237060547,30.474945068359375,9873178,31.475000076293945,32.8377499961853,-0.001620782618829808
2024-03-28,30.950000762939453,30.950000762939453,30.75,30.75,30.425472259521484,14858014,31.455000076293945,32.830499992370605,-0.0016233518928268076
2024-03-31,30.799999237060547,30.950000762939453,30.75,30.850000381469727,30.524417877197266,5753150,31.434000091552733,32.82149998664856,0.0032520449258448547
2024-04-01,30.850000381469727,31.049999237060547,30.700000762939453,30.75,30.425472259521484,8746188,31.409000091552734,32.81274998664856,-0.0032415034111245022
2024-04-02,30.75,30.799999237060547,30.5,30.600000381469727,30.277055740356445,15956370,31.381000099182128,32.80424999237061,-0.004878036374968198
2024-04-03,30.700000762939453,30.700000762939453,30.299999237060547,30.450000762939453,30.128639221191406,22460020,31.357000122070314,32.7960000038147,-0.004901948256873512
2024-04-04,30.600000381469727,30.649999618530273,30.200000762939453,30.299999237060547,29.980220794677734,20947930,31.329000091552736,32.7867499923706,-0.004926158361922672
2024-04-15,30.649999618530273,30.799999237060547,30.299999237060547,30.299999237060547,29.980220794677734,16717457,31.304000091552734,32.77724998474121,0.0
2024-04-16,30.399999618530273,30.450000762939453,29.799999237060547,29.899999618530273,29.584444046020508,24539116,31.274000091552736,32.76549998283386,-0.013201307874655788
2024-04-17,30.049999237060547,30.149999618530273,29.899999618530273,29.950000762939453,29.6339168548584,16440263,31.248000106811524,32.75424998283386,0.0016722790985652658
2024-04-18,30.0,30.049999237060547,29.850000381469727,29.899999618530273,29.584444046020508,7985988,31.220000114440918,32.742249984741214,-0.001669487249931989
2024-04-21,30.0,30.200000762939453,29.899999618530273,30.049999237060547,29.732860565185547,8988623,31.209000091552735,32.73099998474121,0.005016709713846046
2024-04-22,30.100000381469727,30.299999237060547,30.0,30.149999618530273,29.831804275512695,12033500,31.19200008392334,32.71999999046326,0.003327799800620257
2024-04-23,30.200000762939453,30.299999237060547,30.0,30.100000381469727,29.78233337402344,6951340,31.175000076293944,32.708999996185305,-0.001658349508894097
2024-04-24,30.100000381469727,30.200000762939453,30.0,30.100000381469727,29.78233337402344,9461809,31.16100009918213,32.698000001907346,0.0
2024-04-25,30.049999237060547,30.200000762939453,30.0,30.100000381469727,29.78233337402344,9004561,31.13600009918213,32.6877499961853,0.0
2024-04-28,30.100000381469727,30.100000381469727,30.100000381469727,30.100000381469727,29.78233337402344,0,31.117000122070312,32.67775000572205,0.0
2024-04-29,30.149999618530273,30.25,30.049999237060547,30.100000381469727,29.78233337402344,14024922,31.098000144958498,32.6672500038147,0.0
2024-04-30,30.100000381469727,30.149999618530273,30.0,30.100000381469727,29.78233337402344,9002900,31.0910001373291,32.65699999809265,0.0
2024-05-01,30.100000381469727,30.100000381469727,29.950000762939453,30.049999237060547,29.732860565185547,9443813,31.07400012969971,32.64649998664856,-0.0016611675672921766
2024-05-02,30.049999237060547,30.100000381469727,29.899999618530273,29.950000762939453,29.6339168548584,9544445,31.038000144958495,32.63474999427795,-0.003327736328118336
2024-05-05,30.0,30.049999237060547,29.899999618530273,30.0,29.683387756347656,4981602,30.999000129699706,32.62324999809265,0.001669423565505035
2024-05-06,30.0,30.0,29.899999618530273,29.950000762939453,29.6339168548584,6314792,30.959000129699707,32.61150000572204,-0.0016666412353515403
2024-05-07,30.0,30.25,29.850000381469727,29.950000762939453,29.6339168548584,22174344,30.919000129699707,32.59975001335144,0.0
2024-05-08,30.0,30.049999237060547,29.899999618530273,29.950000762939453,29.6339168548584,12565895,30.87900012969971,32.58775002479553,0.0
2024-05-09,29.950000762939453,30.0,29.850000381469727,29.850000381469727,29.534971237182617,9827019,30.843000144958495,32.57575002670288,-0.003338910815437024
2024-05-12,30.0,30.0,29.899999618530273,29.950000762939453,29.6339168548584,3742149,30.802000160217286,32.56375003814697,0.0033500964888364404
2024-05-13,30.0,30.049999237060547,29.950000762939453,29.950000762939453,29.6339168548584,10656503,30.762000160217283,32.55150003433228,0.0
2024-05-14,30.0,30.049999237060547,29.799999237060547,29.799999237060547,29.485498428344727,14990072,30.722000160217284,32.539000034332275,-0.005008398065369013
2024-05-15,29.549999237060547,29.549999237060547,29.200000762939453,29.299999237060547,29.299999237060547,8871583,30.669000129699707,32.524000034332275,-0.016778523919496524
2024-05-16,29.399999618530273,29.799999237060547,29.299999237060547,29.75,29.75,12022949,30.6260001373291,32.51075002670288,0.015358388213548624
2024-05-19,29.75,29.75,29.75,29.75,29.75,0,30.58700012207031,32.498250026702884,0.0
2024-05-20,29.850000381469727,30.0,29.75,29.899999618530273,29.899999618530273,11365375,30.554000129699705,32.48650002479553,0.005042003984210952
2024-05-21,29.899999618530273,29.950000762939453,29.850000381469727,29.950000762939453,29.950000762939453,7672447,30.529000129699707,32.47500002861023,0.0016722790985652658
2024-05-22,29.950000762939453,30.049999237060547,29.899999618530273,30.049999237060547,30.049999237060547,13327969,30.506000099182128,32.46375002861023,0.003338847131010292
2024-05-23,30.0,30.049999237060547,29.950000762939453,29.950000762939453,29.950000762939453,10312525,30.471000099182127,32.45025002479553,-0.003327736328118336
2024-05-26,29.950000762939453,29.950000762939453,29.25,29.450000762939453,29.450000762939453,10048718,30.42500011444092,32.432250032424925,-0.016694490392758388
2024-05-27,29.5,29.700000762939453,29.450000762939453,29.5,29.5,6216785,30.37100009918213,32.414000024795534,0.001697766919023902
2024-05-28,29.549999237060547,29.600000381469727,29.25,29.25,29.25,6318494,30.318000106811525,32.390250024795535,-0.008474576271186418
2024-05-29,29.299999237060547,29.399999618530273,29.049999237060547,29.049999237060547,29.049999237060547,6575159,30.258000106811522,32.36275002479553,-0.00683763292100692
2024-05-30,29.049999237060547,29.049999237060547,29.049999237060547,29.049999237060547,29.049999237060547,0,30.198000106811524,32.33500002861023,0.0
2024-06-02,29.049999237060547,29.049999237060547,29.049999237060547,29.049999237060547,29.049999237060547,0,30.154000091552735,32.30825001716614,0.0
2024-06-03,28.600000381469727,29.0,28.5,28.899999618530273,28.899999618530273,15880634,30.109000091552733,32.28050001144409,-0.005163498191728344
2024-06-04,28.899999618530273,28.950000762939453,28.200000762939453,28.200000762939453,28.200000762939453,13966119,30.05100009918213,32.246250019073486,-0.024221414007977726
2024-06-05,28.399999618530273,28.399999618530273,28.100000381469727,28.200000762939453,28.200000762939453,17379225,29.987000122070313,32.212250022888185,0.0
2024-06-06,28.299999237060547,28.649999618530273,28.25,28.299999237060547,28.299999237060547,12813303,29.929000091552734,32.18150001525879,0.0035460450856623638
2024-06-09,27.950000762939453,29.049999237060547,27.899999618530273,28.600000381469727,28.600000381469727,656283074,29.87700008392334,32.152500009536745,0.010600747438053393
2024-06-10,28.75,28.799999237060547,28.299999237060547,28.350000381469727,28.350000381469727,77118526,29.820000076293944,32.12175001144409,-0.008741258624666903
2024-06-11,28.399999618530273,28.5,28.200000762939453,28.200000762939453,28.200000762939453,112909661,29.76700008392334,32.0895000076294,-0.00529099176408887
2024-06-12,28.299999237060547,28.350000381469727,28.200000762939453,28.299999237060547,28.299999237060547,116323177,29.716000061035157,32.0570000076294,0.0035460450856623638
2024-06-13,28.25,28.25,27.700000762939453,27.700000762939453,27.700000762939453,42390044,29.654000091552735,32.02275001525879,-0.021201360081146592
2024-06-23,28.100000381469727,28.200000762939453,28.0,28.100000381469727,28.100000381469727,11073861,29.60100009918213,31.992750024795534,0.014440419043794561
2024-06-24,28.049999237060547,28.100000381469727,27.850000381469727,28.0,28.0,18950131,29.544000091552736,31.958500032424926,-0.0035587323883337074
2024-06-25,27.950000762939453,28.0,27.649999618530273,27.649999618530273,27.649999618530273,18849482,29.48200008392334,31.922250022888182,-0.012500013623918838
2024-06-26,27.700000762939453,27.799999237060547,27.600000381469727,27.700000762939453,27.700000762939453,13093431,29.424000091552735,31.888500022888184,0.001808359678083793
2024-06-27,27.700000762939453,27.899999618530273,27.700000762939453,27.700000762939453,27.700000762939453,16542271,29.369000091552735,31.85550003051758,0.0
2024-06-30,27.700000762939453,27.700000762939453,27.700000762939453,27.700000762939453,27.700000762939453,0,29.31700012207031,31.82350004196167,0.0
2024-07-01,28.0,28.299999237060547,27.950000762939453,28.0,28.0,27611872,29.2710001373291,31.79350004196167,0.010830297068508576
2024-07-02,28.149999618530273,28.299999237060547,28.0,28.049999237060547,28.049999237060547,20459402,29.23400012969971,31.763000030517578,0.0017856870378767375
2024-07-03,28.149999618530273,28.149999618530273,27.850000381469727,27.850000381469727,27.850000381469727,12319500,29.19200012207031,31.73250002861023,-0.00713008417221539
2024-07-04,27.950000762939453,28.200000762939453,27.899999618530273,28.200000762939453,28.200000762939453,13351001,29.158000144958496,31.704500036239622,0.012567338480275358
2024-07-07,28.25,28.299999237060547,28.100000381469727,28.149999618530273,28.149999618530273,7220793,29.12000015258789,31.678750038146973,-0.001773090179305603
2024-07-08,28.149999618530273,28.25,28.100000381469727,28.25,28.25,11709463,29.082000160217284,31.652750034332275,0.003552411468023653
2024-07-09,28.200000762939453,28.25,28.049999237060547,28.149999618530273,28.149999618530273,11185511,29.043000144958498,31.623750028610228,-0.0035398365122026876
2024-07-10,28.149999618530273,28.149999618530273,28.0,28.100000381469727,28.100000381469727,18194817,29.003000144958495,31.593750038146972,-0.001776171855705222
2024-07-11,28.100000381469727,28.200000762939453,28.049999237060547,28.149999618530273,28.149999618530273,14399366,28.964000129699706,31.563500032424926,0.0017793322555794688
2024-07-14,28.149999618530273,28.25,28.100000381469727,28.100000381469727,28.100000381469727,11825264,28.924000129699706,31.532500038146974,-0.001776171855705222
2024-07-15,28.149999618530273,28.200000762939453,28.049999237060547,28.100000381469727,28.100000381469727,13355106,28.884000129699707,31.50150004386902,0.0
2024-07-16,28.149999618530273,28.25,28.100000381469727,28.25,28.25,19813530,28.847000122070312,31.472250051498413,0.005338064643913398
2024-07-17,28.25,28.75,28.25,28.350000381469727,28.350000381469727,19264538,28.813000144958497,31.444250049591066,0.0035398365122027986
2024-07-18,28.450000762939453,28.600000381469727,28.350000381469727,28.450000762939453,28.450000762939453,14552209,28.783000144958496,31.41525005340576,0.0035273502689294745
2024-07-21,28.399999618530273,28.600000381469727,28.350000381469727,28.5,28.5,7924443,28.753000144958495,31.383500061035157,0.0017574423803066175
2024-07-22,28.5,28.549999237060547,28.350000381469727,28.399999618530273,28.399999618530273,9813803,28.722000122070312,31.350500059127807,-0.003508785314727203
2024-07-23,28.399999618530273,28.450000762939453,28.100000381469727,28.100000381469727,28.100000381469727,15305405,28.685000114440918,31.31750005722046,-0.010563353559512212
2024-07-24,28.100000381469727,28.149999618530273,28.0,28.0,28.0,9145155,28.646000099182128,31.286000061035157,-0.0035587323883337074
2024-07-25,28.049999237060547,28.100000381469727,28.0,28.0,28.0,22235750,28.609000091552733,31.255750064849853,0.0
2024-07-28,28.049999237060547,28.25,28.049999237060547,28.200000762939453,28.200000762939453,5016173,28.574000091552733,31.22775007247925,0.007142884390694659
2024-07-29,28.25,28.25,27.899999618530273,27.899999618530273,27.899999618530273,17789061,28.53300006866455,31.2000000667572,-0.010638338166410355
2024-07-30,27.950000762939453,28.0,27.600000381469727,27.649999618530273,27.649999618530273,14937713,28.490000076293946,31.170500068664552,-0.008960573599218202
2024-07-31,27.700000762939453,27.75,27.549999237060547,27.600000381469727,27.600000381469727,14093700,28.45600009918213,31.140500078201296,-0.0018082906962153533
2024-08-01,27.649999618530273,27.75,27.450000762939453,27.5,27.5,17299251,28.41100009918213,31.108000078201293,-0.0036232021770864486
2024-08-04,27.299999237060547,27.350000381469727,26.899999618530273,27.149999618530273,27.149999618530273,17797392,28.359000091552733,31.076000080108642,-0.012727286598899101
2024-08-05,27.149999618530273,27.149999618530273,26.799999237060547,26.799999237060547,26.799999237060547,35547837,28.29700008392334,31.04150007247925,-0.01289135861463686
2024-08-06,27.100000381469727,27.5,27.049999237060547,27.200000762939453,27.200000762939453,25157030,28.24200008392334,31.01075008392334,0.014925430495003944
2024-08-07,27.450000762939453,27.75,27.350000381469727,27.75,27.75,18086752,28.19600009918213,30.982500076293945,0.02022055961887803
2024-08-08,27.850000381469727,28.0,27.700000762939453,27.75,27.75,17357744,28.15200008392334,30.954000072479246,0.0
2024-08-11,28.0,28.0,27.850000381469727,27.950000762939453,27.950000762939453,12398587,28.12200008392334,30.92675006866455,0.007207234700520759
2024-08-12,28.0,28.049999237060547,27.850000381469727,27.950000762939453,27.950000762939453,20835997,28.09100009918213,30.899000072479247,0.0
2024-08-13,28.0,28.200000762939453,27.950000762939453,28.200000762939453,28.200000762939453,14572319,28.07000011444092,30.873250083923338,0.008944543584109343
2024-08-14,28.200000762939453,28.350000381469727,28.149999618530273,28.149999618530273,28.149999618530273,14448655,28.05200012207031,30.847750082015992,-0.001773090179305603
